-- phpMyAdmin SQL Dump
-- version 5.0.2
-- https://www.phpmyadmin.net/
--
-- Host: 127.0.0.1
-- Generation Time: Apr 10, 2021 at 06:58 PM
-- Server version: 10.4.11-MariaDB
-- PHP Version: 7.4.6

SET SQL_MODE = "NO_AUTO_VALUE_ON_ZERO";
START TRANSACTION;
SET time_zone = "+00:00";


/*!40101 SET @OLD_CHARACTER_SET_CLIENT=@@CHARACTER_SET_CLIENT */;
/*!40101 SET @OLD_CHARACTER_SET_RESULTS=@@CHARACTER_SET_RESULTS */;
/*!40101 SET @OLD_COLLATION_CONNECTION=@@COLLATION_CONNECTION */;
/*!40101 SET NAMES utf8mb4 */;

--
-- Database: `webnew`
--

-- --------------------------------------------------------

--
-- Table structure for table `carriers`
--

CREATE TABLE `carriers` (
  `id` int(50) NOT NULL,
  `carrier_name` varchar(250) NOT NULL
) ENGINE=InnoDB DEFAULT CHARSET=utf8mb4;

--
-- Dumping data for table `carriers`
--

INSERT INTO `carriers` (`id`, `carrier_name`) VALUES
(1, 'Star Track');

-- --------------------------------------------------------

--
-- Table structure for table `ci_users`
--

CREATE TABLE `ci_users` (
  `id` int(11) NOT NULL,
  `username` varchar(50) NOT NULL,
  `firstname` varchar(30) NOT NULL,
  `lastname` varchar(30) NOT NULL,
  `email` varchar(50) NOT NULL,
  `mobile_no` varchar(30) NOT NULL,
  `password` varchar(255) NOT NULL,
  `is_admin` tinyint(4) NOT NULL DEFAULT 0,
  `last_ip` varchar(30) NOT NULL,
  `created_at` datetime NOT NULL,
  `updated_at` datetime NOT NULL
) ENGINE=MyISAM DEFAULT CHARSET=utf8;

--
-- Dumping data for table `ci_users`
--

INSERT INTO `ci_users` (`id`, `username`, `firstname`, `lastname`, `email`, `mobile_no`, `password`, `is_admin`, `last_ip`, `created_at`, `updated_at`) VALUES
(3, 'demo', 'admin', 'admin', 'admin@admin.com', '12345', '5ebe2294ecd0e0f08eab7690d2a6ee69', 1, '', '2017-09-29 10:09:44', '2017-09-30 08:09:29'),
(7, 'Test1', 'test', 'champion', 'test@gmail.com', '12345', '5ebe2294ecd0e0f08eab7690d2a6ee69', 0, '', '2017-09-29 11:09:02', '2017-09-30 08:09:51'),
(6, 'Ali Raza', 'Ali', 'Raza', 'ali@admin.com', '123456', '$2y$10$RoUcgnJ1AaK125c/hFmkWexGRvEhvQKXm21YRYlNrEHuvQcH2zMMG', 0, '', '2017-10-03 06:10:31', '2017-10-03 05:10:25'),
(5, 'wwe champion', 'wwe', 'champion', 'naumanahmedcs@gmail.com', '12345', '$2y$10$KB0NxzAOWtbnVj.7OJujRe7G5K1lb6UG5ra3PnAAt/Oc96Wfl5tea', 0, '', '2017-09-29 11:09:02', '2017-10-03 06:10:51'),
(8, 'John Smith', 'John', 'Smith', 'johnsmith@gmail.com', '12345', '$2y$10$J317ib3JnglmhO.IbaADHOyr4j2xSbWZZtO8pHDWW65GUZLZEu63u', 0, '', '2017-09-29 11:09:02', '2017-09-30 08:09:51'),
(9, 'Herry Jhone', 'Herry', 'Jhone', 'herrypro@gmail.com', '449548545624', '$2y$10$.P.vz6NaSbLPq.BvOY0umulTKBj9Ovds2jaQBdGbyKzlfjOV0O4RW', 0, '', '2017-10-03 07:10:26', '2017-10-03 07:10:26'),
(10, 'test batthh', 'test', 'batthh', 'test@test.com', '0494885', '$2y$10$4uKidB2IkOWGVMJCTGwDHOVF6D5QvVtRQ.SP7fbZA1mQD2QH7uCpq', 1, '', '2021-04-05 00:00:00', '2021-04-05 00:00:00');

-- --------------------------------------------------------

--
-- Table structure for table `customer`
--

CREATE TABLE `customer` (
  `id` int(200) NULL,
  `customer_id` int(200) NULL,
  `contact_name` varchar(250) NULL,
  `contact_title` varchar(250) NOT NULL,
  `address` longtext NOT NULL,
  `city` varchar(50) NOT NULL,
  `	` varchar(50) NOT NULL,
  `postal_code` int(50) NOT NULL,
  `state_code` int(50) NOT NULL,
  `phone` int(50) NOT NULL,
  `fax` int(50) NOT NULL,
  `email` varchar(250) NOT NULL,http://localhost/phpmyadmin/tbl_structure.php?db=webnew&table=customer&goto=tbl_structure.php&back=tbl_structure.php&field=billing_alt_contact&change_column=1
  `mobile` int(50) NOT NULL,
  `alt_contact` int(50) NOT NULL,
  `billing_customer_name` varchar(150) NOT NULL,
  `billing_contact_name` varchar(150) NOT NULL,
  `billing_contact_title` varchar(150) NOT NULL,
  `billing_address` longtext NOT NULL,
  `billing_city` varchar(50) NOT NULL,
  `billing_country` varchar(50) NOT NULL,
  `billing_postal_code` int(50) NOT NULL,
  `billing_state_code` int(50) NOT NULL,
  `billing_phone` int(50) NOT NULL,
  `billing_fax` int(50) NOT NULL,
  `billing_email` varchar(150) NOT NULL,
  `billing_mobile` int(50) NOT NULL,
  `billing_alt_contact` int(50) NOT NULL,
  `owner` varchar(50) NOT NULL,
  `other_phone` int(50) NOT NULL,
  `other_email` varchar(50) NOT NULL,
  `other_contact` int(50) NOT NULL,
  `other_phone1` int(50) NOT NULL,
  `other_email1` varchar(50) NOT NULL,
  `other_contact1` int(50) NOT NULL,
  `other_phone2` int(50) NOT NULL,
  `other_email2` varchar(50) NOT NULL,
  `other_contact2` int(50) NOT NULL,
  `other_phone3` int(50) NOT NULL,
  `other_email3` varchar(50) NOT NULL
) ENGINE=InnoDB DEFAULT CHARSET=utf8mb4;

-- --------------------------------------------------------

--
-- Table structure for table `rates`
--

CREATE TABLE `rates` (
  `id` int(250) NOT NULL,
  `origin` varchar(3) DEFAULT NULL,
  `destination` varchar(3) DEFAULT NULL,
  `minimum` decimal(4,2) DEFAULT NULL,
  `basic_charge` decimal(4,2) DEFAULT NULL,
  `per_kg` decimal(4,2) DEFAULT NULL,
  `service_type` int(1) DEFAULT NULL
) ENGINE=InnoDB DEFAULT CHARSET=utf8;

--
-- Dumping data for table `rates`
--

INSERT INTO `rates` (`id`, `origin`, `destination`, `minimum`, `basic_charge`, `per_kg`, `service_type`) VALUES
(1, 'A10', 'NC3', '66.01', '62.28', '32.58', 1),
(2, 'ABY', 'PER', '19.02', '10.48', '5.08', 1),
(3, 'AC1', 'ADL', '15.35', '12.05', '0.85', 1),
(4, 'AC1', 'BRS', '15.35', '12.05', '6.14', 1),
(5, 'AC1', 'MEL', '15.35', '12.05', '1.30', 1),
(6, 'AC1', 'NC3', '14.88', '13.37', '7.59', 1),
(7, 'AC1', 'PER', '15.35', '12.05', '8.52', 1),
(8, 'AC1', 'SYD', '15.35', '12.05', '4.23', 1),
(9, 'AC1', 'WC1', '15.35', '12.05', '8.52', 1),
(10, 'AC2', 'ADL', '15.35', '12.05', '0.92', 1),
(11, 'AC2', 'BRS', '15.35', '12.05', '6.21', 1),
(12, 'AC2', 'MEL', '15.35', '12.05', '1.36', 1),
(13, 'AC2', 'NC3', '14.88', '13.37', '7.66', 1),
(14, 'AC2', 'PER', '15.35', '12.05', '8.60', 1),
(15, 'AC2', 'SYD', '15.35', '12.05', '4.30', 1),
(16, 'AC2', 'WC1', '15.35', '12.05', '8.60', 1),
(17, 'AC3', 'ADL', '15.68', '12.36', '0.99', 1),
(18, 'AC3', 'BRS', '15.68', '12.36', '6.28', 1),
(19, 'AC3', 'MEL', '15.68', '12.36', '1.44', 1),
(20, 'AC3', 'NC3', '15.19', '13.70', '7.73', 1),
(21, 'AC3', 'PER', '15.68', '12.36', '8.66', 1),
(22, 'AC3', 'SYD', '15.68', '12.36', '4.37', 1),
(23, 'AC3', 'WC1', '15.68', '12.36', '8.66', 1),
(24, 'AC4', 'ADL', '15.68', '12.36', '1.32', 1),
(25, 'AC4', 'BRS', '15.68', '12.36', '6.62', 1),
(26, 'AC4', 'MEL', '15.68', '12.36', '1.77', 1),
(27, 'AC4', 'NC3', '15.19', '13.70', '8.08', 1),
(28, 'AC4', 'PER', '15.68', '12.36', '8.99', 1),
(29, 'AC4', 'SYD', '15.68', '12.36', '4.70', 1),
(30, 'AC4', 'WC1', '15.68', '12.36', '8.99', 1),
(31, 'AC5', 'ADL', '15.98', '12.67', '15.31', 1),
(32, 'AC5', 'BRS', '15.98', '12.67', '20.60', 1),
(33, 'AC5', 'MEL', '15.98', '12.67', '15.75', 1),
(34, 'AC5', 'NC3', '15.51', '14.00', '22.46', 1),
(35, 'AC5', 'PER', '15.98', '12.67', '22.98', 1),
(36, 'AC5', 'SYD', '15.98', '12.67', '18.68', 1),
(37, 'AC5', 'WC1', '15.98', '12.67', '13.22', 1),
(38, 'AC6', 'ADL', '15.98', '12.67', '15.47', 1),
(39, 'AC6', 'BRS', '15.98', '12.67', '20.76', 1),
(40, 'AC6', 'MEL', '15.98', '12.67', '15.92', 1),
(41, 'AC6', 'NC3', '15.51', '14.00', '22.63', 1),
(42, 'AC6', 'PER', '15.98', '12.67', '23.14', 1),
(43, 'AC6', 'SYD', '15.98', '12.67', '18.85', 1),
(44, 'AC6', 'WC1', '15.98', '12.67', '13.22', 1),
(45, 'AC7', 'ADL', '15.98', '12.67', '15.50', 1),
(46, 'AC7', 'BRS', '15.98', '12.67', '20.79', 1),
(47, 'AC7', 'MEL', '15.98', '12.67', '15.94', 1),
(48, 'AC7', 'NC3', '15.51', '14.00', '22.65', 1),
(49, 'AC7', 'PER', '15.98', '12.67', '23.17', 1),
(50, 'AC7', 'SYD', '15.98', '12.67', '18.87', 1),
(51, 'AC7', 'WC1', '15.98', '12.67', '13.22', 1),
(52, 'AC8', 'ADL', '16.29', '12.97', '16.63', 1),
(53, 'AC8', 'BRS', '16.29', '12.97', '21.92', 1),
(54, 'AC8', 'MEL', '16.29', '12.97', '17.08', 1),
(55, 'AC8', 'NC3', '15.82', '14.32', '23.82', 1),
(56, 'AC8', 'PER', '16.29', '12.97', '24.31', 1),
(57, 'AC8', 'SYD', '16.29', '12.97', '20.00', 1),
(58, 'AC8', 'WC1', '16.29', '12.97', '13.22', 1),
(59, 'AC9', 'ADL', '16.29', '12.97', '16.63', 1),
(60, 'AC9', 'BRS', '16.29', '12.97', '21.92', 1),
(61, 'AC9', 'MEL', '16.29', '12.97', '17.08', 1),
(62, 'AC9', 'NC3', '15.82', '14.32', '23.82', 1),
(63, 'AC9', 'PER', '16.29', '12.97', '24.31', 1),
(64, 'AC9', 'SYD', '16.29', '12.97', '20.00', 1),
(65, 'AC9', 'WC1', '16.29', '12.97', '13.22', 1),
(66, 'ADL', 'AC1', '14.14', '11.01', '0.63', 1),
(67, 'ADL', 'AC2', '14.14', '11.01', '0.80', 1),
(68, 'ADL', 'AC4', '15.42', '12.28', '1.58', 1),
(69, 'ADL', 'AC5', '16.69', '13.56', '29.55', 1),
(70, 'ADL', 'AC6', '20.53', '17.21', '29.85', 1),
(71, 'ADL', 'AC7', '21.80', '19.77', '29.94', 1),
(72, 'ADL', 'AC8', '23.07', '21.05', '32.19', 1),
(73, 'ADL', 'AC9', '23.07', '21.05', '32.19', 1),
(74, 'ADL', 'ADL', '14.14', '10.83', '0.52', 1),
(75, 'ADL', 'ASP', '16.69', '13.56', '7.84', 1),
(76, 'ADL', 'BOR', '14.14', '10.83', '0.93', 1),
(77, 'ADL', 'BRK', '16.69', '13.56', '5.66', 1),
(78, 'ADL', 'BRO', '19.02', '10.16', '12.93', 1),
(79, 'ADL', 'BRS', '0.00', '10.80', '5.71', 1),
(80, 'ADL', 'CBR', '14.14', '10.83', '5.26', 1),
(81, 'ADL', 'CRN', '19.02', '10.83', '6.98', 1),
(82, 'ADL', 'DAR', '19.02', '10.83', '6.98', 1),
(83, 'ADL', 'GLD', '15.42', '12.28', '6.84', 1),
(84, 'ADL', 'GOS', '14.14', '10.83', '5.01', 1),
(85, 'ADL', 'HC1', '19.25', '14.85', '7.15', 1),
(86, 'ADL', 'HC2', '19.25', '14.85', '7.38', 1),
(87, 'ADL', 'HOB', '16.69', '13.56', '5.59', 1),
(88, 'ADL', 'ISA', '16.69', '13.56', '13.37', 1),
(89, 'ADL', 'LC1', '19.25', '14.85', '7.08', 1),
(90, 'ADL', 'LC2', '19.25', '14.85', '7.15', 1),
(91, 'ADL', 'LC3', '19.25', '14.85', '7.38', 1),
(92, 'ADL', 'LCN', '16.69', '13.56', '5.50', 1),
(93, 'ADL', 'MAC', '16.69', '13.56', '18.84', 1),
(94, 'ADL', 'MCT', '14.14', '10.83', '1.85', 1),
(95, 'ADL', 'MEL', '0.00', '10.83', '6.79', 1),
(96, 'ADL', 'MNO', '14.14', '10.83', '1.85', 1),
(97, 'ADL', 'MON', '14.14', '10.83', '0.89', 1),
(98, 'ADL', 'MTG', '14.14', '10.83', '1.85', 1),
(99, 'ADL', 'NC1', '15.42', '12.28', '4.76', 1),
(100, 'ADL', 'NC2', '15.42', '12.28', '7.13', 1),
(101, 'ADL', 'NC3', '13.61', '12.11', '7.26', 1),
(102, 'ADL', 'NC4', '15.42', '13.56', '13.20', 1),
(103, 'ADL', 'NC5', '16.69', '14.85', '14.45', 1),
(104, 'ADL', 'NC6', '16.69', '14.85', '15.20', 1),
(105, 'ADL', 'NCL', '14.14', '10.83', '5.00', 1),
(106, 'ADL', 'NCT', '14.14', '10.83', '1.85', 1),
(107, 'ADL', 'PEN', '14.14', '10.83', '1.85', 1),
(108, 'ADL', 'PER', '0.00', '10.83', '6.48', 1),
(109, 'ADL', 'PTA', '14.14', '10.83', '1.85', 1),
(110, 'ADL', 'PTL', '14.14', '10.83', '5.76', 1),
(111, 'ADL', 'PTP', '14.14', '10.83', '1.85', 1),
(112, 'ADL', 'QC1', '15.42', '12.28', '7.07', 1),
(113, 'ADL', 'QC2', '15.42', '12.28', '12.23', 1),
(114, 'ADL', 'QC3', '15.42', '12.28', '15.30', 1),
(115, 'ADL', 'QC4', '16.69', '14.85', '17.85', 1),
(116, 'ADL', 'QC5', '16.69', '14.85', '18.21', 1),
(117, 'ADL', 'QC6', '19.25', '15.93', '27.23', 1),
(118, 'ADL', 'QC7', '20.53', '18.48', '29.80', 1),
(119, 'ADL', 'QC8', '23.07', '19.77', '30.43', 1),
(120, 'ADL', 'QC9', '23.07', '21.05', '38.09', 1),
(121, 'ADL', 'RIV', '14.14', '10.83', '1.85', 1),
(122, 'ADL', 'RKH', '15.35', '12.05', '6.46', 1),
(123, 'ADL', 'ROC', '16.69', '13.56', '10.56', 1),
(124, 'ADL', 'ROX', '14.14', '10.83', '4.53', 1),
(125, 'ADL', 'SSC', '15.42', '12.28', '7.17', 1),
(126, 'ADL', 'SYD', '14.14', '10.83', '3.90', 1),
(127, 'ADL', 'TVL', '16.69', '13.56', '16.00', 1),
(128, 'ADL', 'TWB', '15.42', '12.28', '7.17', 1),
(129, 'ADL', 'VC1', '15.42', '12.28', '2.02', 1),
(130, 'ADL', 'VC2', '15.42', '12.28', '2.52', 1),
(131, 'ADL', 'VC3', '15.42', '13.56', '3.15', 1),
(132, 'ADL', 'WC1', '15.35', '12.05', '6.46', 1),
(133, 'ADL', 'WC2', '16.69', '13.56', '13.17', 1),
(134, 'ADL', 'WC3', '16.69', '13.56', '19.91', 1),
(135, 'ADL', 'WC4', '19.25', '14.85', '23.42', 1),
(136, 'ADL', 'WC5', '23.07', '19.77', '25.46', 1),
(137, 'ADL', 'WC6', '24.36', '21.05', '30.89', 1),
(138, 'ADL', 'WC7', '24.36', '21.05', '31.76', 1),
(139, 'ADL', 'WC8', '24.36', '21.05', '32.27', 1),
(140, 'ADL', 'WC9', '24.36', '21.05', '34.38', 1),
(141, 'ADL', 'WCO', '14.14', '10.83', '5.76', 1),
(142, 'ADL', 'WHY', '14.14', '10.83', '1.85', 1),
(143, 'ADL', 'WOL', '14.14', '10.83', '5.01', 1),
(144, 'ADL', 'YKP', '14.14', '10.83', '2.92', 1),
(145, 'ALB', 'SYD', '0.00', '10.83', '6.48', 1),
(146, 'BNA', 'BRS', '0.00', '10.80', '1.91', 1),
(147, 'BRO', 'ADL', '19.02', '10.16', '12.93', 1),
(148, 'BRO', 'DAR', '0.00', '10.83', '13.26', 1),
(149, 'BRO', 'KAR', '0.00', '10.83', '10.35', 1),
(150, 'BRO', 'MEL', '0.00', '10.83', '12.93', 1),
(151, 'BRS', 'AC1', '15.42', '12.09', '4.03', 1),
(152, 'BRS', 'AC2', '15.42', '12.09', '4.86', 1),
(153, 'BRS', 'AC3', '16.69', '13.37', '5.09', 1),
(154, 'BRS', 'AC4', '16.69', '14.65', '10.39', 1),
(155, 'BRS', 'AC5', '16.69', '15.93', '10.63', 1),
(156, 'BRS', 'AC6', '16.69', '18.48', '12.39', 1),
(157, 'BRS', 'AC7', '19.25', '21.05', '13.03', 1),
(158, 'BRS', 'AC8', '20.53', '21.05', '16.24', 1),
(159, 'BRS', 'AC9', '20.53', '21.05', '16.24', 1),
(160, 'BRS', 'ADL', '0.00', '10.80', '5.33', 1),
(161, 'BRS', 'AYR', '15.42', '12.09', '4.76', 1),
(162, 'BRS', 'BNA', '0.00', '10.80', '1.78', 1),
(163, 'BRS', 'BRO', '19.02', '10.16', '13.95', 1),
(164, 'BRS', 'BRS', '14.14', '10.83', '0.52', 1),
(165, 'BRS', 'BUN', '0.00', '10.80', '0.72', 1),
(166, 'BRS', 'CBR', '0.00', '10.80', '5.71', 1),
(167, 'BRS', 'COF', '0.00', '10.80', '2.76', 1),
(168, 'BRS', 'CRN', '19.02', '10.83', '6.48', 1),
(169, 'BRS', 'DAR', '0.00', '10.80', '9.06', 1),
(170, 'BRS', 'GER', '17.93', '10.83', '14.30', 1),
(171, 'BRS', 'GLA', '0.00', '10.80', '3.81', 1),
(172, 'BRS', 'GLD', '0.00', '10.80', '0.61', 1),
(173, 'BRS', 'GOS', '14.14', '10.83', '3.66', 1),
(174, 'BRS', 'GYM', '0.00', '10.80', '1.00', 1),
(175, 'BRS', 'HC1', '19.25', '14.65', '10.51', 1),
(176, 'BRS', 'HC2', '19.25', '14.65', '11.69', 1),
(177, 'BRS', 'HOB', '0.00', '10.80', '8.08', 1),
(178, 'BRS', 'ISA', '16.69', '13.37', '9.52', 1),
(179, 'BRS', 'KAR', '19.02', '10.16', '12.28', 1),
(180, 'BRS', 'LC1', '19.25', '14.65', '9.89', 1),
(181, 'BRS', 'LC2', '19.25', '14.65', '10.51', 1),
(182, 'BRS', 'LC3', '19.25', '14.65', '11.69', 1),
(183, 'BRS', 'LCN', '0.00', '10.80', '6.98', 1),
(184, 'BRS', 'LIS', '0.00', '10.80', '1.82', 1),
(185, 'BRS', 'MAC', '0.00', '10.80', '1.08', 1),
(186, 'BRS', 'MAR', '0.00', '10.80', '1.82', 1),
(187, 'BRS', 'MEL', '0.00', '10.80', '3.81', 1),
(188, 'BRS', 'NC1', '14.14', '12.09', '3.67', 1),
(189, 'BRS', 'NC2', '14.14', '12.09', '6.01', 1),
(190, 'BRS', 'NC3', '13.61', '12.11', '5.81', 1),
(191, 'BRS', 'NC4', '15.42', '13.37', '9.66', 1),
(192, 'BRS', 'NC5', '16.69', '14.65', '10.65', 1),
(193, 'BRS', 'NC6', '19.02', '10.83', '7.29', 1),
(194, 'BRS', 'NCL', '0.00', '10.80', '3.94', 1),
(195, 'BRS', 'PER', '0.00', '10.80', '8.47', 1),
(196, 'BRS', 'PRO', '0.00', '10.80', '5.14', 1),
(197, 'BRS', 'QC1', '14.14', '10.83', '0.65', 1),
(198, 'BRS', 'QC2', '0.00', '10.83', '6.15', 1),
(199, 'BRS', 'QC3', '15.42', '12.09', '1.08', 1),
(200, 'BRS', 'QC4', '16.05', '12.09', '1.43', 1),
(201, 'BRS', 'QC5', '16.05', '12.09', '5.77', 1),
(202, 'BRS', 'QC6', '16.05', '13.37', '6.66', 1),
(203, 'BRS', 'QC7', '18.60', '14.65', '7.20', 1),
(204, 'BRS', 'QC8', '18.60', '17.21', '9.69', 1),
(205, 'BRS', 'QC9', '21.80', '17.21', '16.16', 1),
(206, 'BRS', 'ROC', '0.00', '10.80', '1.27', 1),
(207, 'BRS', 'SSC', '0.00', '10.83', '6.15', 1),
(208, 'BRS', 'SYD', '0.00', '10.80', '3.17', 1),
(209, 'BRS', 'TAM', '0.00', '10.80', '1.50', 1),
(210, 'BRS', 'THU', '17.93', '10.83', '6.66', 1),
(211, 'BRS', 'TOM', '16.69', '13.37', '10.94', 1),
(212, 'BRS', 'TSV', '0.00', '10.83', '6.48', 1),
(213, 'BRS', 'TVL', '14.14', '10.83', '4.53', 1),
(214, 'BRS', 'TWB', '0.00', '10.80', '0.70', 1),
(215, 'BRS', 'VC1', '15.42', '12.09', '4.66', 1),
(216, 'BRS', 'VC2', '15.42', '12.09', '5.17', 1),
(217, 'BRS', 'VC3', '15.42', '12.09', '5.84', 1),
(218, 'BRS', 'WC1', '16.69', '13.37', '10.36', 1),
(219, 'BRS', 'WC2', '16.69', '13.37', '11.23', 1),
(220, 'BRS', 'WC3', '16.69', '13.37', '12.32', 1),
(221, 'BRS', 'WC4', '19.25', '14.65', '13.99', 1),
(222, 'BRS', 'WC5', '21.80', '19.77', '16.16', 1),
(223, 'BRS', 'WC6', '23.07', '21.05', '17.83', 1),
(224, 'BRS', 'WC7', '23.07', '21.05', '18.62', 1),
(225, 'BRS', 'WC8', '23.07', '21.05', '19.25', 1),
(226, 'BRS', 'WC9', '23.07', '21.05', '26.04', 1),
(227, 'BRS', 'WOL', '0.00', '10.80', '3.81', 1),
(228, 'BUN', 'BRS', '0.00', '10.80', '0.70', 1),
(229, 'CBR', 'ADL', '14.14', '10.83', '5.72', 1),
(230, 'CBR', 'BRS', '0.00', '10.80', '5.90', 1),
(231, 'CBR', 'MEL', '14.14', '10.83', '1.40', 1),
(232, 'CBR', 'NC3', '12.29', '9.48', '1.49', 1),
(233, 'CBR', 'PER', '0.00', '10.83', '9.70', 1),
(234, 'CBR', 'SYD', '14.14', '10.83', '1.40', 1),
(235, 'CBR', 'WC1', '10.80', '10.83', '9.70', 1),
(236, 'COF', 'BRS', '0.00', '10.80', '3.30', 1),
(237, 'CRN', 'ADL', '0.00', '10.83', '10.80', 1),
(238, 'CRN', 'BRS', '0.00', '10.80', '5.14', 1),
(239, 'CRN', 'CBR', '19.02', '10.83', '7.36', 1),
(240, 'CRN', 'DAR', '19.02', '10.48', '8.88', 1),
(241, 'CRN', 'HOB', '0.00', '10.83', '9.70', 1),
(242, 'CRN', 'LCN', '19.02', '10.83', '9.70', 1),
(243, 'CRN', 'MEL', '19.02', '10.83', '6.98', 1),
(244, 'CRN', 'PER', '19.02', '10.48', '12.05', 1),
(245, 'CRN', 'QC2', '0.00', '10.83', '6.48', 1),
(246, 'CRN', 'RKH', '19.02', '10.48', '12.05', 1),
(247, 'CRN', 'SYD', '0.00', '10.83', '6.79', 1),
(248, 'CRN', 'TSV', '0.00', '10.83', '6.15', 1),
(249, 'CRN', 'WC1', '19.02', '10.48', '12.05', 1),
(250, 'D10', 'NC3', '66.01', '62.28', '43.33', 1),
(251, 'D10', 'WC1', '62.04', '62.07', '34.48', 1),
(252, 'DAR', 'ADL', '19.02', '10.83', '9.06', 1),
(253, 'DAR', 'BRO', '0.00', '10.83', '13.26', 1),
(254, 'DAR', 'BRS', '0.00', '10.80', '9.06', 1),
(255, 'DAR', 'CBR', '19.02', '10.83', '9.51', 1),
(256, 'DAR', 'CRN', '19.02', '10.48', '8.88', 1),
(257, 'DAR', 'HOB', '19.02', '10.83', '9.13', 1),
(258, 'DAR', 'KAR', '19.02', '10.16', '12.61', 1),
(259, 'DAR', 'LCN', '19.02', '10.83', '9.13', 1),
(260, 'DAR', 'MEL', '0.00', '10.83', '11.00', 1),
(261, 'DAR', 'PER', '0.00', '10.80', '8.88', 1),
(262, 'DAR', 'SYD', '0.00', '10.83', '8.86', 1),
(263, 'DAR', 'WC1', '19.02', '10.48', '8.88', 1),
(264, 'DAR', 'WOL', '17.93', '10.83', '10.05', 1),
(265, 'DC4', 'NC3', '64.42', '51.28', '42.56', 1),
(266, 'DC6', 'NC3', '64.42', '51.28', '42.56', 1),
(267, 'DC7', 'NC3', '64.42', '51.28', '42.56', 1),
(268, 'ESP', 'PER', '15.35', '12.05', '6.90', 1),
(269, 'GLA', 'BRS', '0.00', '10.80', '4.19', 1),
(270, 'GLD', 'BRS', '0.00', '10.80', '0.59', 1),
(271, 'GLD', 'NC3', '13.61', '12.11', '6.07', 1),
(272, 'GLD', 'WEI', '0.00', '11.26', '6.48', 1),
(273, 'GYM', 'BRS', '0.00', '10.80', '1.08', 1),
(274, 'HC1', 'ADL', '15.35', '12.05', '7.08', 1),
(275, 'HC1', 'BRS', '15.35', '12.05', '10.60', 1),
(276, 'HC1', 'MEL', '15.35', '12.05', '4.20', 1),
(277, 'HC1', 'NC3', '14.88', '13.37', '8.71', 1),
(278, 'HC1', 'PER', '15.35', '12.05', '12.96', 1),
(279, 'HC1', 'SYD', '15.35', '12.05', '7.08', 1),
(280, 'HC1', 'WC1', '15.35', '12.05', '12.96', 1),
(281, 'HC2', 'ADL', '15.35', '12.05', '7.18', 1),
(282, 'HC2', 'BRS', '15.35', '12.05', '10.69', 1),
(283, 'HC2', 'MEL', '15.35', '12.05', '4.30', 1),
(284, 'HC2', 'PER', '15.35', '12.05', '13.06', 1),
(285, 'HC2', 'SYD', '15.35', '12.05', '7.18', 1),
(286, 'HC2', 'WC1', '15.35', '12.05', '13.06', 1),
(287, 'HOB', 'ADL', '14.14', '10.83', '6.27', 1),
(288, 'HOB', 'BRS', '0.00', '10.80', '8.08', 1),
(289, 'HOB', 'CRN', '19.02', '10.83', '9.90', 1),
(290, 'HOB', 'DAR', '19.02', '10.83', '10.15', 1),
(291, 'HOB', 'MEL', '14.14', '10.83', '3.39', 1),
(292, 'HOB', 'NC3', '13.61', '12.11', '7.88', 1),
(293, 'HOB', 'PER', '19.02', '10.16', '7.77', 1),
(294, 'HOB', 'SYD', '14.14', '10.83', '6.27', 1),
(295, 'HOB', 'WC1', '19.02', '10.16', '7.77', 1),
(296, 'KAR', 'ADL', '19.02', '10.83', '10.67', 1),
(297, 'KAR', 'BRO', '0.00', '10.83', '10.35', 1),
(298, 'KAR', 'BRS', '19.02', '10.83', '11.90', 1),
(299, 'KAR', 'DAR', '0.00', '10.83', '12.61', 1),
(300, 'KAR', 'HOB', '19.02', '10.83', '13.14', 1),
(301, 'KAR', 'MEL', '0.00', '10.83', '11.90', 1),
(302, 'KAR', 'PER', '0.00', '10.83', '8.22', 1),
(303, 'KAR', 'SYD', '19.02', '10.83', '11.26', 1),
(304, 'L10', 'NC3', '96.25', '93.63', '14.15', 1),
(305, 'LC1', 'ADL', '15.35', '12.05', '7.08', 1),
(306, 'LC1', 'BRS', '15.35', '12.05', '10.60', 1),
(307, 'LC1', 'MEL', '15.35', '12.05', '4.20', 1),
(308, 'LC1', 'NC3', '14.88', '13.37', '8.71', 1),
(309, 'LC1', 'PER', '15.35', '12.05', '12.96', 1),
(310, 'LC1', 'SYD', '15.35', '12.05', '7.08', 1),
(311, 'LC1', 'WC1', '15.35', '12.05', '12.96', 1),
(312, 'LC2', 'ADL', '15.35', '12.05', '7.18', 1),
(313, 'LC2', 'BRS', '15.35', '12.05', '10.69', 1),
(314, 'LC2', 'MEL', '15.35', '12.05', '4.30', 1),
(315, 'LC2', 'NC3', '14.88', '13.37', '8.81', 1),
(316, 'LC2', 'PER', '15.35', '12.05', '13.06', 1),
(317, 'LC2', 'SYD', '15.35', '12.05', '7.18', 1),
(318, 'LC2', 'WC1', '15.35', '12.05', '13.06', 1),
(319, 'LC3', 'ADL', '15.35', '12.05', '7.21', 1),
(320, 'LC3', 'BRS', '15.35', '12.05', '10.73', 1),
(321, 'LC3', 'MEL', '15.35', '12.05', '4.33', 1),
(322, 'LC3', 'NC3', '14.88', '13.37', '8.85', 1),
(323, 'LC3', 'PER', '15.35', '12.05', '13.09', 1),
(324, 'LC3', 'SYD', '15.35', '12.05', '7.21', 1),
(325, 'LC3', 'WC1', '15.35', '12.05', '13.09', 1),
(326, 'LCN', 'ADL', '14.14', '10.83', '6.27', 1),
(327, 'LCN', 'BRS', '0.00', '10.80', '7.61', 1),
(328, 'LCN', 'MEL', '14.14', '10.83', '3.39', 1),
(329, 'LCN', 'NC3', '13.61', '12.11', '7.88', 1),
(330, 'LCN', 'PER', '14.14', '10.83', '12.15', 1),
(331, 'LCN', 'SYD', '14.14', '10.83', '6.27', 1),
(332, 'LCN', 'WC1', '14.14', '10.83', '12.15', 1),
(333, 'LIS', 'BRS', '0.00', '10.80', '1.91', 1),
(334, 'MAC', 'BRS', '0.00', '10.80', '1.27', 1),
(335, 'MAR', 'BRS', '0.00', '10.80', '1.85', 1),
(336, 'MEL', 'AC1', '15.42', '12.09', '2.34', 1),
(337, 'MEL', 'AC2', '15.42', '12.09', '7.55', 1),
(338, 'MEL', 'AC3', '16.69', '13.37', '10.91', 1),
(339, 'MEL', 'AC4', '16.69', '14.65', '12.64', 1),
(340, 'MEL', 'AC5', '16.69', '15.93', '37.32', 1),
(341, 'MEL', 'AC6', '16.69', '18.48', '37.71', 1),
(342, 'MEL', 'AC7', '19.25', '21.05', '37.76', 1),
(343, 'MEL', 'AC8', '20.53', '21.05', '43.73', 1),
(344, 'MEL', 'AC9', '20.53', '21.05', '43.73', 1),
(345, 'MEL', 'ADL', '0.00', '10.83', '6.79', 1),
(346, 'MEL', 'BNY', '17.93', '10.83', '7.66', 1),
(347, 'MEL', 'BRO', '0.00', '10.83', '12.93', 1),
(348, 'MEL', 'BRS', '0.00', '10.80', '4.12', 1),
(349, 'MEL', 'CBR', '14.14', '10.83', '1.10', 1),
(350, 'MEL', 'CRN', '19.02', '10.83', '9.00', 1),
(351, 'MEL', 'DAR', '19.02', '10.83', '10.78', 1),
(352, 'MEL', 'GLD', '14.14', '10.83', '6.17', 1),
(353, 'MEL', 'GOS', '14.14', '10.83', '2.27', 1),
(354, 'MEL', 'HC1', '19.25', '14.65', '5.09', 1),
(355, 'MEL', 'HC2', '19.25', '14.65', '5.27', 1),
(356, 'MEL', 'HOB', '0.00', '10.83', '6.48', 1),
(357, 'MEL', 'ISA', '16.69', '13.37', '23.48', 1),
(358, 'MEL', 'KAR', '0.00', '10.83', '11.90', 1),
(359, 'MEL', 'LC1', '19.25', '14.65', '5.03', 1),
(360, 'MEL', 'LC2', '19.25', '14.65', '5.09', 1),
(361, 'MEL', 'LC3', '19.25', '14.65', '5.27', 1),
(362, 'MEL', 'LCN', '15.42', '12.09', '3.39', 1),
(363, 'MEL', 'MAC', '16.05', '12.72', '13.02', 1),
(364, 'MEL', 'MEL', '14.14', '10.83', '0.52', 1),
(365, 'MEL', 'NC1', '14.14', '12.09', '2.38', 1),
(366, 'MEL', 'NC2', '14.14', '12.09', '4.11', 1),
(367, 'MEL', 'NC3', '13.61', '12.11', '5.95', 1),
(368, 'MEL', 'NC4', '15.42', '13.37', '10.72', 1),
(369, 'MEL', 'NC5', '16.69', '14.65', '11.81', 1),
(370, 'MEL', 'NC6', '16.69', '14.65', '12.32', 1),
(371, 'MEL', 'NCL', '14.14', '10.83', '2.28', 1),
(372, 'MEL', 'PER', '0.00', '10.77', '6.48', 1),
(373, 'MEL', 'QC1', '15.42', '12.09', '6.43', 1),
(374, 'MEL', 'QC2', '15.42', '12.09', '11.67', 1),
(375, 'MEL', 'QC3', '16.69', '12.09', '14.57', 1),
(376, 'MEL', 'QC4', '16.69', '14.65', '16.85', 1),
(377, 'MEL', 'QC5', '16.69', '14.65', '17.16', 1),
(378, 'MEL', 'QC6', '16.69', '15.93', '17.41', 1),
(379, 'MEL', 'QC7', '19.25', '18.48', '22.75', 1),
(380, 'MEL', 'QC8', '19.25', '19.77', '27.93', 1),
(381, 'MEL', 'QC9', '21.80', '21.05', '30.49', 1),
(382, 'MEL', 'RHM', '19.02', '10.16', '6.48', 1),
(383, 'MEL', 'ROC', '16.05', '12.72', '7.68', 1),
(384, 'MEL', 'SSC', '15.42', '12.09', '11.67', 1),
(385, 'MEL', 'SYD', '14.14', '10.83', '5.54', 1),
(386, 'MEL', 'TVL', '16.05', '12.72', '13.34', 1),
(387, 'MEL', 'TWB', '15.42', '12.09', '5.64', 1),
(388, 'MEL', 'VC1', '14.14', '10.83', '0.70', 1),
(389, 'MEL', 'VC2', '14.14', '10.83', '0.98', 1),
(390, 'MEL', 'VC3', '14.14', '10.83', '1.32', 1),
(391, 'MEL', 'WC1', '16.69', '13.37', '11.23', 1),
(392, 'MEL', 'WC2', '16.69', '13.37', '14.45', 1),
(393, 'MEL', 'WC3', '16.69', '13.37', '21.96', 1),
(394, 'MEL', 'WC4', '19.25', '14.65', '29.61', 1),
(395, 'MEL', 'WC5', '23.07', '19.77', '30.56', 1),
(396, 'MEL', 'WC6', '24.36', '21.05', '37.09', 1),
(397, 'MEL', 'WC7', '24.36', '21.05', '37.28', 1),
(398, 'MEL', 'WC8', '24.36', '21.05', '38.64', 1),
(399, 'MEL', 'WC9', '24.36', '21.05', '42.10', 1),
(400, 'MEL', 'WOL', '0.00', '10.83', '7.12', 1),
(401, 'N10', 'NC3', '66.01', '43.66', '9.68', 1),
(402, 'NC1', 'ADL', '15.35', '12.05', '5.26', 1),
(403, 'NC1', 'BRS', '15.35', '12.05', '3.32', 1),
(404, 'NC1', 'MEL', '15.35', '12.05', '32.59', 1),
(405, 'NC1', 'NC3', '13.56', '10.75', '1.22', 1),
(406, 'NC1', 'PER', '15.35', '12.05', '10.78', 1),
(407, 'NC1', 'SYD', '15.35', '12.05', '0.90', 1),
(408, 'NC1', 'WC1', '15.35', '12.05', '10.78', 1),
(409, 'NC2', 'ADL', '15.35', '12.05', '5.30', 1),
(410, 'NC2', 'BRS', '15.35', '12.05', '3.36', 1),
(411, 'NC2', 'MEL', '15.35', '12.05', '1.52', 1),
(412, 'NC2', 'NC3', '13.96', '10.97', '1.30', 1),
(413, 'NC2', 'PER', '19.02', '10.16', '10.15', 1),
(414, 'NC2', 'SYD', '15.35', '12.05', '0.94', 1),
(415, 'NC2', 'WC1', '19.02', '10.16', '10.15', 1),
(416, 'NC3', 'A10', '66.01', '62.28', '32.58', 1),
(417, 'NC3', 'AC1', '15.19', '12.38', '5.68', 1),
(418, 'NC3', 'AC2', '15.19', '12.38', '7.49', 1),
(419, 'NC3', 'AC3', '16.51', '13.70', '10.20', 1),
(420, 'NC3', 'AC4', '16.51', '15.02', '13.90', 1),
(421, 'NC3', 'AC5', '16.51', '16.31', '18.19', 1),
(422, 'NC3', 'AC6', '16.51', '18.93', '20.61', 1),
(423, 'NC3', 'AC7', '19.14', '21.56', '28.93', 1),
(424, 'NC3', 'AC8', '20.44', '21.56', '29.05', 1),
(425, 'NC3', 'AC9', '20.44', '21.56', '31.12', 1),
(426, 'NC3', 'ADL', '13.87', '11.06', '4.45', 1),
(427, 'NC3', 'BRS', '13.87', '11.06', '2.89', 1),
(428, 'NC3', 'CBR', '13.87', '11.06', '1.20', 1),
(429, 'NC3', 'D10', '66.01', '62.28', '43.33', 1),
(430, 'NC3', 'DAR', '16.51', '13.70', '14.57', 1),
(431, 'NC3', 'DC4', '64.42', '51.28', '42.56', 1),
(432, 'NC3', 'DC6', '64.42', '51.28', '42.56', 1),
(433, 'NC3', 'DC7', '64.42', '51.28', '42.56', 1),
(434, 'NC3', 'GLD', '13.87', '11.06', '3.55', 1),
(435, 'NC3', 'GOS', '13.87', '11.06', '1.10', 1),
(436, 'NC3', 'HC1', '19.14', '15.02', '7.30', 1),
(437, 'NC3', 'HOB', '16.51', '13.70', '5.95', 1),
(438, 'NC3', 'L10', '96.25', '93.63', '14.15', 1),
(439, 'NC3', 'LC1', '19.14', '15.02', '7.25', 1),
(440, 'NC3', 'LC2', '19.14', '15.02', '7.30', 1),
(441, 'NC3', 'LC3', '19.14', '15.02', '7.49', 1),
(442, 'NC3', 'LCN', '16.51', '13.70', '5.89', 1),
(443, 'NC3', 'MEL', '13.87', '11.06', '1.42', 1),
(444, 'NC3', 'N10', '66.01', '43.66', '9.68', 1),
(445, 'NC3', 'NC1', '13.87', '11.06', '1.12', 1),
(446, 'NC3', 'NC2', '13.87', '11.06', '1.20', 1),
(447, 'NC3', 'NC3', '13.87', '11.06', '1.36', 1),
(448, 'NC3', 'NC4', '13.87', '11.06', '1.41', 1),
(449, 'NC3', 'NC5', '15.19', '12.38', '1.78', 1),
(450, 'NC3', 'NC6', '15.19', '12.38', '5.69', 1),
(451, 'NC3', 'NCL', '13.87', '11.06', '1.10', 1),
(452, 'NC3', 'PER', '13.87', '11.06', '8.88', 1),
(453, 'NC3', 'Q10', '66.01', '62.28', '32.03', 1),
(454, 'NC3', 'QC1', '15.19', '12.38', '3.76', 1),
(455, 'NC3', 'QC2', '15.19', '12.38', '4.73', 1),
(456, 'NC3', 'QC3', '15.19', '12.38', '8.41', 1),
(457, 'NC3', 'QC4', '16.51', '15.02', '11.45', 1),
(458, 'NC3', 'QC5', '16.51', '15.02', '11.68', 1),
(459, 'NC3', 'QC6', '16.51', '16.31', '13.90', 1),
(460, 'NC3', 'QC7', '19.14', '18.93', '17.15', 1),
(461, 'NC3', 'QC8', '19.14', '20.24', '20.68', 1),
(462, 'NC3', 'QC9', '21.76', '21.56', '25.99', 1),
(463, 'NC3', 'SSC', '15.19', '12.38', '4.73', 1),
(464, 'NC3', 'SYD', '13.87', '11.06', '0.96', 1),
(465, 'NC3', 'TVL', '15.19', '12.38', '7.70', 1),
(466, 'NC3', 'VC1', '15.19', '12.38', '2.35', 1),
(467, 'NC3', 'VC2', '15.19', '12.38', '2.79', 1),
(468, 'NC3', 'VC3', '15.19', '12.38', '3.36', 1),
(469, 'NC3', 'WC1', '16.51', '13.70', '10.79', 1),
(470, 'NC3', 'WC2', '16.51', '13.70', '13.37', 1),
(471, 'NC3', 'WC3', '16.51', '13.70', '19.41', 1),
(472, 'NC3', 'WC4', '19.14', '15.02', '28.98', 1),
(473, 'NC3', 'WC5', '23.08', '20.24', '34.51', 1),
(474, 'NC3', 'WC6', '24.39', '21.56', '35.22', 1),
(475, 'NC3', 'WC7', '24.39', '21.56', '35.40', 1),
(476, 'NC3', 'WC8', '24.39', '21.56', '35.44', 1),
(477, 'NC3', 'WC9', '24.39', '21.56', '38.67', 1),
(478, 'NC3', 'WOL', '13.87', '11.06', '1.10', 1),
(479, 'NC4', 'ADL', '15.68', '12.36', '5.44', 1),
(480, 'NC4', 'BRS', '15.68', '12.36', '3.49', 1),
(481, 'NC4', 'MEL', '15.68', '12.36', '1.65', 1),
(482, 'NC4', 'NC3', '13.87', '11.06', '1.40', 1),
(483, 'NC4', 'PER', '15.68', '12.36', '10.96', 1),
(484, 'NC4', 'SYD', '15.68', '12.36', '1.07', 1),
(485, 'NC4', 'WC1', '15.68', '12.36', '10.96', 1),
(486, 'NC5', 'ADL', '15.98', '12.67', '5.67', 1),
(487, 'NC5', 'BRS', '15.98', '12.67', '3.73', 1),
(488, 'NC5', 'MEL', '15.98', '12.67', '1.89', 1),
(489, 'NC5', 'NC3', '14.19', '11.38', '1.64', 1),
(490, 'NC5', 'PER', '15.98', '12.67', '11.20', 1),
(491, 'NC5', 'SYD', '15.98', '12.67', '1.31', 1),
(492, 'NC5', 'WC1', '15.98', '12.67', '11.20', 1),
(493, 'NC6', 'ADL', '15.98', '12.67', '8.10', 1),
(494, 'NC6', 'BRS', '15.98', '12.67', '6.16', 1),
(495, 'NC6', 'MEL', '15.98', '12.67', '4.32', 1),
(496, 'NC6', 'NC3', '14.19', '11.38', '4.15', 1),
(497, 'NC6', 'PER', '15.98', '12.67', '13.63', 1),
(498, 'NC6', 'SYD', '15.98', '12.67', '3.75', 1),
(499, 'NC6', 'WC1', '15.98', '12.67', '13.63', 1),
(500, 'NCL', 'A10', '62.04', '62.07', '34.58', 1),
(501, 'NCL', 'AC1', '13.31', '13.32', '6.57', 1),
(502, 'NCL', 'AC2', '13.31', '13.32', '8.85', 1),
(503, 'NCL', 'AC3', '14.60', '14.61', '12.21', 1),
(504, 'NCL', 'AC4', '15.86', '15.89', '16.82', 1),
(505, 'NCL', 'AC5', '17.15', '17.16', '22.20', 1),
(506, 'NCL', 'AC6', '19.71', '19.72', '25.21', 1),
(507, 'NCL', 'AC7', '22.26', '22.29', '35.58', 1),
(508, 'NCL', 'AC8', '22.26', '22.29', '35.72', 1),
(509, 'NCL', 'AC9', '22.26', '22.29', '38.31', 1),
(510, 'NCL', 'ADL', '12.04', '12.05', '6.31', 1),
(511, 'NCL', 'BRS', '0.00', '10.80', '4.69', 1),
(512, 'NCL', 'CBR', '12.04', '12.05', '0.98', 1),
(513, 'NCL', 'CRN', '12.04', '12.05', '9.41', 1),
(514, 'NCL', 'D10', '62.04', '62.07', '34.58', 1),
(515, 'NCL', 'DAR', '12.04', '12.05', '9.03', 1),
(516, 'NCL', 'DC4', '52.89', '52.89', '34.58', 1),
(517, 'NCL', 'DC6', '52.89', '52.89', '34.58', 1),
(518, 'NCL', 'DC7', '52.89', '52.89', '34.58', 1),
(519, 'NCL', 'GLD', '12.04', '12.05', '3.91', 1),
(520, 'NCL', 'GOS', '12.04', '12.05', '0.88', 1),
(521, 'NCL', 'HC1', '15.86', '15.89', '8.62', 1),
(522, 'NCL', 'HC2', '15.86', '15.89', '8.85', 1),
(523, 'NCL', 'HOB', '12.04', '12.05', '7.92', 1),
(524, 'NCL', 'ISA', '14.60', '14.61', '10.94', 1),
(525, 'NCL', 'L10', '62.04', '62.07', '12.41', 1),
(526, 'NCL', 'LC1', '15.86', '15.89', '8.54', 1),
(527, 'NCL', 'LC2', '15.86', '15.89', '8.62', 1),
(528, 'NCL', 'LC3', '15.86', '15.89', '8.85', 1),
(529, 'NCL', 'LCN', '14.60', '14.61', '6.82', 1),
(530, 'NCL', 'MAC', '13.31', '13.32', '10.06', 1),
(531, 'NCL', 'MEL', '12.04', '12.05', '5.98', 1),
(532, 'NCL', 'N10', '43.92', '43.94', '27.58', 1),
(533, 'NCL', 'NC1', '12.04', '12.05', '0.90', 1),
(534, 'NCL', 'NC2', '12.04', '12.05', '0.98', 1),
(535, 'NCL', 'NC3', '13.87', '11.06', '1.10', 1),
(536, 'NCL', 'NC4', '12.04', '12.05', '1.25', 1),
(537, 'NCL', 'NC5', '13.31', '13.32', '1.72', 1),
(538, 'NCL', 'NC6', '13.31', '13.32', '6.60', 1),
(539, 'NCL', 'NCL', '12.04', '12.05', '0.69', 1),
(540, 'NCL', 'PER', '12.04', '12.05', '9.21', 1),
(541, 'NCL', 'Q10', '62.04', '62.07', '17.64', 1),
(542, 'NCL', 'QC1', '13.31', '13.32', '4.19', 1),
(543, 'NCL', 'QC2', '13.31', '13.32', '5.39', 1),
(544, 'NCL', 'QC3', '13.31', '13.32', '9.98', 1),
(545, 'NCL', 'QC4', '15.86', '15.89', '13.77', 1),
(546, 'NCL', 'QC5', '15.86', '15.89', '14.07', 1),
(547, 'NCL', 'QC6', '17.15', '17.16', '16.82', 1),
(548, 'NCL', 'QC7', '19.71', '19.72', '20.89', 1),
(549, 'NCL', 'QC8', '20.98', '21.01', '25.27', 1),
(550, 'NCL', 'QC9', '22.26', '22.29', '31.90', 1),
(551, 'NCL', 'ROC', '13.31', '13.32', '7.44', 1),
(552, 'NCL', 'SSC', '13.31', '13.32', '5.39', 1),
(553, 'NCL', 'SYD', '12.04', '12.05', '0.88', 1),
(554, 'NCL', 'TVL', '13.31', '13.32', '9.10', 1),
(555, 'NCL', 'TWB', '13.31', '13.32', '4.18', 1),
(556, 'NCL', 'VC1', '13.31', '13.32', '2.42', 1),
(557, 'NCL', 'VC2', '13.31', '13.32', '2.99', 1),
(558, 'NCL', 'VC3', '13.31', '13.32', '3.69', 1),
(559, 'NCL', 'WC1', '14.60', '14.61', '12.95', 1),
(560, 'NCL', 'WC2', '14.60', '14.61', '16.17', 1),
(561, 'NCL', 'WC3', '14.60', '14.61', '23.69', 1),
(562, 'NCL', 'WC4', '15.86', '15.89', '35.62', 1),
(563, 'NCL', 'WC5', '20.98', '21.01', '42.53', 1),
(564, 'NCL', 'WC6', '22.26', '22.29', '43.41', 1),
(565, 'NCL', 'WC7', '22.26', '22.29', '43.64', 1),
(566, 'NCL', 'WC8', '22.26', '22.29', '43.69', 1),
(567, 'NCL', 'WC9', '22.26', '22.29', '47.73', 1),
(568, 'NCL', 'WOL', '12.04', '12.05', '0.88', 1),
(569, 'PER', 'A10', '60.80', '60.82', '34.42', 1),
(570, 'PER', 'ABY', '0.00', '10.83', '5.82', 1),
(571, 'PER', 'AC1', '15.42', '12.09', '8.17', 1),
(572, 'PER', 'AC2', '15.42', '12.09', '8.62', 1),
(573, 'PER', 'AC3', '16.69', '13.37', '9.24', 1),
(574, 'PER', 'AC4', '16.69', '14.65', '9.84', 1),
(575, 'PER', 'AC5', '19.25', '15.93', '10.46', 1),
(576, 'PER', 'AC6', '21.80', '18.48', '10.46', 1),
(577, 'PER', 'AC7', '23.07', '21.05', '10.46', 1),
(578, 'PER', 'AC8', '23.07', '21.05', '31.96', 1),
(579, 'PER', 'AC9', '23.07', '21.05', '31.96', 1),
(580, 'PER', 'ADL', '0.00', '10.83', '5.17', 1),
(581, 'PER', 'BNY', '14.14', '10.83', '0.67', 1),
(582, 'PER', 'BRO', '0.00', '10.83', '9.70', 1),
(583, 'PER', 'BRS', '0.00', '10.80', '6.86', 1),
(584, 'PER', 'BUS', '14.14', '10.83', '0.91', 1),
(585, 'PER', 'CBR', '0.00', '10.83', '6.73', 1),
(586, 'PER', 'CRN', '16.69', '15.93', '12.05', 1),
(587, 'PER', 'CUE', '24.36', '19.77', '14.43', 1),
(588, 'PER', 'D10', '60.80', '60.82', '34.42', 1),
(589, 'PER', 'DAR', '0.00', '10.83', '9.06', 1),
(590, 'PER', 'DC4', '51.67', '51.68', '34.42', 1),
(591, 'PER', 'DC6', '51.67', '51.68', '34.42', 1),
(592, 'PER', 'DC7', '51.67', '51.68', '34.42', 1),
(593, 'PER', 'DER', '23.07', '18.48', '12.81', 1),
(594, 'PER', 'DHM', '32.03', '27.43', '14.35', 1),
(595, 'PER', 'DVP', '16.69', '10.83', '7.51', 1),
(596, 'PER', 'ESP', '15.35', '12.05', '6.90', 1),
(597, 'PER', 'EXM', '24.36', '19.77', '9.84', 1),
(598, 'PER', 'GEE', '17.93', '10.83', '5.99', 1),
(599, 'PER', 'GER', '0.00', '10.83', '5.50', 1),
(600, 'PER', 'GLA', '16.69', '10.83', '8.62', 1),
(601, 'PER', 'GLD', '0.00', '10.83', '8.41', 1),
(602, 'PER', 'GOS', '14.14', '10.83', '8.86', 1),
(603, 'PER', 'HC1', '19.25', '14.65', '12.01', 1),
(604, 'PER', 'HC2', '19.25', '14.65', '12.27', 1),
(605, 'PER', 'HOB', '0.00', '10.83', '6.73', 1),
(606, 'PER', 'ISA', '19.25', '11.09', '11.69', 1),
(607, 'PER', 'KAL', '0.00', '10.83', '3.24', 1),
(608, 'PER', 'KAR', '0.00', '10.83', '8.22', 1),
(609, 'PER', 'KAT', '19.02', '10.48', '11.59', 1),
(610, 'PER', 'LAV', '23.07', '18.48', '10.51', 1),
(611, 'PER', 'LC1', '19.25', '14.65', '11.94', 1),
(612, 'PER', 'LC2', '19.25', '14.65', '12.01', 1),
(613, 'PER', 'LC3', '19.25', '14.65', '12.27', 1),
(614, 'PER', 'LCN', '16.69', '13.37', '9.78', 1),
(615, 'PER', 'LEO', '23.07', '18.48', '10.51', 1),
(616, 'PER', 'LNS', '23.07', '18.48', '14.77', 1),
(617, 'PER', 'MAC', '0.00', '10.83', '11.64', 1),
(618, 'PER', 'MBB', '34.57', '30.01', '36.86', 1),
(619, 'PER', 'MEE', '24.36', '19.77', '14.43', 1),
(620, 'PER', 'MEL', '0.00', '10.83', '5.38', 1),
(621, 'PER', 'MTM', '24.36', '19.77', '14.43', 1),
(622, 'PER', 'N10', '42.69', '42.70', '27.42', 1),
(623, 'PER', 'NC1', '15.42', '12.09', '8.64', 1),
(624, 'PER', 'NC2', '0.00', '10.83', '7.57', 1),
(625, 'PER', 'NC3', '13.61', '12.11', '10.40', 1),
(626, 'PER', 'NC4', '15.42', '13.37', '11.73', 1),
(627, 'PER', 'NC5', '16.69', '14.65', '12.96', 1),
(628, 'PER', 'NC6', '16.69', '14.65', '24.97', 1),
(629, 'PER', 'NCL', '0.00', '10.83', '6.80', 1),
(630, 'PER', 'NUL', '34.57', '30.01', '36.86', 1),
(631, 'PER', 'PAN', '24.36', '19.77', '14.43', 1),
(632, 'PER', 'PER', '14.14', '10.83', '0.52', 1),
(633, 'PER', 'PTH', '0.00', '10.83', '7.77', 1),
(634, 'PER', 'Q10', '60.80', '60.82', '17.48', 1),
(635, 'PER', 'QC1', '15.42', '12.09', '8.87', 1),
(636, 'PER', 'QC2', '15.42', '12.09', '10.10', 1),
(637, 'PER', 'QC3', '15.42', '12.09', '11.32', 1),
(638, 'PER', 'QC4', '16.69', '14.65', '12.56', 1),
(639, 'PER', 'QC5', '16.69', '14.65', '13.79', 1),
(640, 'PER', 'QC6', '19.02', '10.48', '12.91', 1),
(641, 'PER', 'QC7', '20.53', '18.48', '15.02', 1),
(642, 'PER', 'QC8', '23.07', '19.77', '15.02', 1),
(643, 'PER', 'QC9', '23.07', '21.05', '15.02', 1),
(644, 'PER', 'RBN', '29.47', '24.87', '16.49', 1),
(645, 'PER', 'ROC', '16.69', '15.93', '11.69', 1),
(646, 'PER', 'SSC', '15.42', '12.09', '10.10', 1),
(647, 'PER', 'SYD', '17.93', '10.83', '6.20', 1),
(648, 'PER', 'TVL', '0.00', '10.83', '11.64', 1),
(649, 'PER', 'TWB', '15.42', '14.65', '11.33', 1),
(650, 'PER', 'VC1', '15.42', '12.09', '5.97', 1),
(651, 'PER', 'VC2', '0.00', '10.83', '6.21', 1),
(652, 'PER', 'VC3', '16.69', '13.37', '7.28', 1),
(653, 'PER', 'WC1', '14.14', '10.83', '0.67', 1),
(654, 'PER', 'WC2', '0.00', '10.83', '5.50', 1),
(655, 'PER', 'WC3', '14.14', '10.83', '1.28', 1),
(656, 'PER', 'WC4', '15.42', '12.09', '5.48', 1),
(657, 'PER', 'WC5', '21.80', '17.21', '11.02', 1),
(658, 'PER', 'WC6', '23.07', '19.77', '12.25', 1),
(659, 'PER', 'WC7', '23.07', '19.77', '13.29', 1),
(660, 'PER', 'WC8', '23.07', '19.77', '14.27', 1),
(661, 'PER', 'WC9', '19.02', '10.48', '10.33', 1),
(662, 'PER', 'WIC', '23.07', '18.48', '12.69', 1),
(663, 'PER', 'WIL', '29.47', '24.87', '14.35', 1),
(664, 'PER', 'WOL', '14.14', '10.83', '8.86', 1),
(665, 'PER', 'WYN', '29.47', '24.87', '12.75', 1),
(666, 'PRO', 'BRS', '0.00', '10.80', '5.21', 1),
(667, 'Q10', 'NC3', '66.01', '62.28', '32.03', 1),
(668, 'QC1', 'ADL', '15.35', '12.05', '6.06', 1),
(669, 'QC1', 'BRS', '15.35', '12.05', '0.86', 1),
(670, 'QC1', 'MEL', '15.35', '12.05', '3.66', 1),
(671, 'QC1', 'NC3', '14.88', '13.37', '6.16', 1),
(672, 'QC1', 'PER', '15.35', '12.05', '12.71', 1),
(673, 'QC1', 'SYD', '15.35', '12.05', '2.96', 1),
(674, 'QC1', 'WC1', '15.35', '12.05', '12.71', 1),
(675, 'QC2', 'ADL', '15.35', '12.05', '6.18', 1),
(676, 'QC2', 'BRS', '15.35', '12.05', '1.00', 1),
(677, 'QC2', 'MEL', '15.35', '12.05', '3.80', 1),
(678, 'QC2', 'NC3', '14.88', '13.37', '6.30', 1),
(679, 'QC2', 'PER', '15.35', '12.05', '12.85', 1),
(680, 'QC2', 'SYD', '15.35', '12.05', '3.10', 1),
(681, 'QC2', 'WC1', '15.35', '12.05', '12.85', 1),
(682, 'QC3', 'ADL', '15.68', '12.36', '6.26', 1),
(683, 'QC3', 'BRS', '15.68', '12.36', '1.06', 1),
(684, 'QC3', 'MEL', '15.68', '12.36', '3.86', 1),
(685, 'QC3', 'NC3', '15.19', '13.70', '6.36', 1),
(686, 'QC3', 'PER', '15.68', '12.36', '12.91', 1),
(687, 'QC3', 'SYD', '15.68', '12.36', '3.16', 1),
(688, 'QC3', 'WC1', '15.68', '12.36', '12.91', 1),
(689, 'QC4', 'ADL', '15.68', '12.36', '6.44', 1),
(690, 'QC4', 'BRS', '15.68', '12.36', '1.25', 1),
(691, 'QC4', 'MEL', '15.68', '12.36', '4.05', 1),
(692, 'QC4', 'NC3', '15.19', '13.70', '6.56', 1),
(693, 'QC4', 'PER', '15.68', '12.36', '13.10', 1),
(694, 'QC4', 'SYD', '15.68', '12.36', '3.35', 1),
(695, 'QC4', 'WC1', '15.68', '12.36', '13.10', 1),
(696, 'QC5', 'ADL', '15.98', '12.67', '8.61', 1),
(697, 'QC5', 'BRS', '15.98', '12.67', '3.42', 1),
(698, 'QC5', 'MEL', '15.98', '12.67', '6.21', 1),
(699, 'QC5', 'NC3', '15.51', '14.00', '8.78', 1),
(700, 'QC5', 'PER', '15.98', '12.67', '15.27', 1),
(701, 'QC5', 'SYD', '15.98', '12.67', '5.51', 1),
(702, 'QC5', 'WC1', '15.98', '12.67', '15.27', 1),
(703, 'QC6', 'ADL', '15.98', '12.67', '9.07', 1),
(704, 'QC6', 'BRS', '15.98', '12.67', '3.87', 1),
(705, 'QC6', 'MEL', '15.98', '12.67', '6.67', 1),
(706, 'QC6', 'NC3', '15.51', '14.00', '9.26', 1),
(707, 'QC6', 'PER', '19.02', '10.83', '12.05', 1),
(708, 'QC6', 'SYD', '15.98', '12.67', '5.97', 1),
(709, 'QC6', 'WC1', '19.02', '10.83', '12.05', 1),
(710, 'QC7', 'ADL', '15.98', '12.67', '9.33', 1),
(711, 'QC7', 'BRS', '15.98', '12.67', '4.15', 1),
(712, 'QC7', 'MEL', '15.98', '12.67', '6.94', 1),
(713, 'QC7', 'NC3', '15.51', '14.00', '9.53', 1),
(714, 'QC7', 'PER', '15.98', '12.67', '15.99', 1),
(715, 'QC7', 'SYD', '15.98', '12.67', '6.23', 1),
(716, 'QC7', 'WC1', '15.98', '12.67', '15.99', 1),
(717, 'QC8', 'ADL', '16.29', '12.97', '10.57', 1),
(718, 'QC8', 'BRS', '16.29', '12.97', '5.37', 1),
(719, 'QC8', 'MEL', '16.29', '12.97', '8.18', 1),
(720, 'QC8', 'NC3', '15.82', '14.32', '10.80', 1),
(721, 'QC8', 'PER', '16.29', '12.97', '17.23', 1),
(722, 'QC8', 'SYD', '16.29', '12.97', '7.47', 1),
(723, 'QC8', 'WC1', '16.29', '12.97', '17.23', 1),
(724, 'QC9', 'ADL', '16.29', '12.97', '13.81', 1),
(725, 'QC9', 'BRS', '16.29', '12.97', '8.63', 1),
(726, 'QC9', 'MEL', '16.29', '12.97', '11.42', 1),
(727, 'QC9', 'NC3', '15.82', '14.32', '14.14', 1),
(728, 'QC9', 'PER', '16.29', '12.97', '20.48', 1),
(729, 'QC9', 'SYD', '16.29', '12.97', '10.72', 1),
(730, 'QC9', 'WC1', '16.29', '12.97', '20.48', 1),
(731, 'RHM', 'DAR', '19.02', '10.83', '9.06', 1),
(732, 'RKH', 'A10', '62.04', '62.07', '34.48', 1),
(733, 'RKH', 'ABY', '12.04', '12.05', '5.89', 1),
(734, 'RKH', 'AC1', '13.31', '13.32', '8.23', 1),
(735, 'RKH', 'AC2', '13.31', '13.32', '8.68', 1),
(736, 'RKH', 'AC3', '14.60', '14.61', '9.30', 1),
(737, 'RKH', 'AC4', '15.86', '15.89', '9.92', 1),
(738, 'RKH', 'AC5', '17.15', '17.16', '10.53', 1),
(739, 'RKH', 'AC6', '19.71', '19.72', '10.53', 1),
(740, 'RKH', 'AC7', '22.26', '22.29', '10.53', 1),
(741, 'RKH', 'AC8', '22.26', '22.29', '32.02', 1),
(742, 'RKH', 'AC9', '22.26', '22.29', '32.02', 1),
(743, 'RKH', 'ADL', '12.04', '12.05', '5.24', 1),
(744, 'RKH', 'BNY', '12.04', '12.05', '0.73', 1),
(745, 'RKH', 'BRO', '12.04', '12.05', '9.76', 1),
(746, 'RKH', 'BRS', '12.02', '12.03', '6.93', 1),
(747, 'RKH', 'BUS', '12.04', '12.05', '0.98', 1),
(748, 'RKH', 'CBR', '12.04', '12.05', '6.79', 1),
(749, 'RKH', 'CRN', '17.15', '17.16', '12.11', 1),
(750, 'RKH', 'CUE', '20.98', '21.01', '14.49', 1),
(751, 'RKH', 'D10', '62.04', '62.07', '34.48', 1),
(752, 'RKH', 'DAR', '12.04', '12.05', '9.12', 1),
(753, 'RKH', 'DC4', '52.89', '52.89', '34.48', 1),
(754, 'RKH', 'DC6', '52.89', '52.89', '34.48', 1),
(755, 'RKH', 'DC7', '52.89', '52.89', '34.48', 1),
(756, 'RKH', 'DER', '19.71', '19.72', '12.88', 1),
(757, 'RKH', 'DHM', '28.65', '28.67', '14.41', 1),
(758, 'RKH', 'EXM', '20.98', '21.01', '9.92', 1),
(759, 'RKH', 'GER', '12.04', '12.05', '5.56', 1),
(760, 'RKH', 'GLD', '12.04', '12.05', '8.47', 1),
(761, 'RKH', 'GOS', '12.04', '12.05', '8.91', 1),
(762, 'RKH', 'HC1', '15.86', '15.89', '12.07', 1),
(763, 'RKH', 'HC2', '15.86', '15.89', '12.33', 1),
(764, 'RKH', 'HOB', '12.04', '12.05', '6.79', 1),
(765, 'RKH', 'ISA', '12.31', '12.31', '11.75', 1),
(766, 'RKH', 'KAL', '12.04', '12.05', '3.30', 1),
(767, 'RKH', 'KAR', '12.04', '12.05', '8.28', 1),
(768, 'RKH', 'LAV', '19.71', '19.72', '10.57', 1),
(769, 'RKH', 'LC1', '15.86', '15.89', '12.01', 1),
(770, 'RKH', 'LC2', '15.86', '15.89', '12.07', 1),
(771, 'RKH', 'LC3', '15.86', '15.89', '12.33', 1),
(772, 'RKH', 'LCN', '14.60', '14.61', '9.84', 1),
(773, 'RKH', 'LEO', '19.71', '19.72', '10.57', 1),
(774, 'RKH', 'LNS', '19.71', '19.72', '14.83', 1),
(775, 'RKH', 'MAC', '12.04', '12.05', '11.70', 1),
(776, 'RKH', 'MBB', '31.21', '31.22', '36.91', 1),
(777, 'RKH', 'MEE', '20.98', '21.01', '14.49', 1),
(778, 'RKH', 'MEL', '12.04', '12.05', '5.45', 1),
(779, 'RKH', 'MTM', '20.98', '21.01', '14.49', 1),
(780, 'RKH', 'N10', '43.92', '43.94', '27.49', 1),
(781, 'RKH', 'NC1', '13.31', '13.32', '8.70', 1),
(782, 'RKH', 'NC2', '12.04', '12.05', '7.63', 1),
(783, 'RKH', 'NC3', '14.60', '14.61', '10.57', 1),
(784, 'RKH', 'NC4', '14.60', '14.61', '11.80', 1),
(785, 'RKH', 'NC5', '15.86', '15.89', '13.02', 1),
(786, 'RKH', 'NC6', '15.86', '15.89', '25.02', 1),
(787, 'RKH', 'NCL', '12.04', '12.05', '6.86', 1),
(788, 'RKH', 'NUL', '31.21', '31.22', '36.91', 1),
(789, 'RKH', 'PAN', '20.98', '21.01', '14.49', 1),
(790, 'RKH', 'PER', '12.04', '12.05', '0.71', 1),
(791, 'RKH', 'PTH', '12.04', '12.05', '7.83', 1),
(792, 'RKH', 'Q10', '62.04', '62.07', '17.54', 1),
(793, 'RKH', 'QC1', '13.31', '13.32', '8.93', 1),
(794, 'RKH', 'QC2', '13.31', '13.32', '10.16', 1),
(795, 'RKH', 'QC3', '13.31', '13.32', '11.39', 1),
(796, 'RKH', 'QC4', '15.86', '15.89', '12.61', 1),
(797, 'RKH', 'QC5', '15.86', '15.89', '13.85', 1),
(798, 'RKH', 'QC6', '11.71', '11.71', '12.97', 1),
(799, 'RKH', 'QC7', '19.71', '19.72', '15.08', 1),
(800, 'RKH', 'QC8', '20.98', '21.01', '15.08', 1),
(801, 'RKH', 'QC9', '22.26', '22.29', '15.08', 1),
(802, 'RKH', 'RBN', '26.10', '26.11', '16.55', 1),
(803, 'RKH', 'ROC', '17.15', '17.16', '11.75', 1),
(804, 'RKH', 'SSC', '13.31', '13.32', '10.16', 1),
(805, 'RKH', 'SYD', '12.04', '12.05', '6.28', 1),
(806, 'RKH', 'TVL', '12.04', '12.05', '11.70', 1),
(807, 'RKH', 'TWB', '15.86', '15.89', '11.40', 1),
(808, 'RKH', 'VC1', '13.31', '13.32', '6.03', 1),
(809, 'RKH', 'VC2', '12.04', '12.05', '6.28', 1),
(810, 'RKH', 'VC3', '14.60', '14.61', '7.35', 1),
(811, 'RKH', 'WC1', '12.04', '12.05', '0.73', 1),
(812, 'RKH', 'WC2', '12.04', '12.05', '5.56', 1),
(813, 'RKH', 'WC3', '12.04', '12.05', '1.34', 1),
(814, 'RKH', 'WC4', '13.31', '13.32', '5.54', 1),
(815, 'RKH', 'WC5', '18.43', '18.43', '11.08', 1),
(816, 'RKH', 'WC6', '20.98', '21.01', '12.31', 1),
(817, 'RKH', 'WC7', '20.98', '21.01', '13.35', 1),
(818, 'RKH', 'WC8', '20.98', '21.01', '14.34', 1),
(819, 'RKH', 'WC9', '11.71', '11.71', '10.38', 1),
(820, 'RKH', 'WIC', '19.71', '19.72', '12.75', 1),
(821, 'RKH', 'WIL', '26.10', '26.11', '14.41', 1),
(822, 'RKH', 'WOL', '12.04', '12.05', '8.91', 1),
(823, 'RKH', 'WYN', '26.10', '26.11', '12.81', 1),
(824, 'ROC', 'BRS', '0.00', '10.80', '1.27', 1),
(825, 'SSC', 'BRS', '0.00', '10.80', '0.70', 1),
(826, 'SSC', 'NC3', '14.00', '12.31', '6.49', 1),
(827, 'SSC', 'PER', '0.00', '10.83', '9.77', 1),
(828, 'SSC', 'WC1', '10.80', '10.83', '9.77', 1),
(829, 'SYD', 'A10', '60.80', '60.82', '40.61', 1),
(830, 'SYD', 'AC1', '15.42', '12.09', '6.41', 1),
(831, 'SYD', 'AC2', '15.42', '12.09', '8.69', 1),
(832, 'SYD', 'AC3', '16.69', '13.37', '12.05', 1),
(833, 'SYD', 'AC4', '16.69', '14.65', '16.67', 1),
(834, 'SYD', 'AC5', '16.69', '15.93', '22.04', 1),
(835, 'SYD', 'AC6', '16.69', '18.48', '25.05', 1),
(836, 'SYD', 'AC7', '19.25', '21.05', '35.42', 1),
(837, 'SYD', 'AC8', '20.53', '21.05', '35.57', 1),
(838, 'SYD', 'AC9', '20.53', '21.05', '38.15', 1),
(839, 'SYD', 'ADL', '0.00', '10.83', '6.15', 1),
(840, 'SYD', 'BRS', '0.00', '10.80', '3.17', 1),
(841, 'SYD', 'CBR', '14.14', '10.83', '0.81', 1),
(842, 'SYD', 'CRN', '19.02', '10.83', '9.26', 1),
(843, 'SYD', 'D10', '60.80', '60.82', '40.61', 1),
(844, 'SYD', 'DAR', '0.00', '10.83', '8.86', 1),
(845, 'SYD', 'DC4', '51.67', '51.68', '40.61', 1),
(846, 'SYD', 'DC6', '51.67', '51.68', '40.61', 1),
(847, 'SYD', 'DC7', '51.67', '51.68', '40.61', 1),
(848, 'SYD', 'GLD', '14.14', '10.83', '3.75', 1),
(849, 'SYD', 'GOS', '14.14', '10.83', '0.72', 1),
(850, 'SYD', 'HC1', '19.25', '14.65', '8.46', 1),
(851, 'SYD', 'HC2', '19.25', '14.65', '8.69', 1),
(852, 'SYD', 'HOB', '0.00', '10.83', '7.77', 1),
(853, 'SYD', 'ISA', '16.69', '13.37', '10.78', 1),
(854, 'SYD', 'L10', '60.80', '60.82', '9.13', 1),
(855, 'SYD', 'LC1', '19.25', '14.65', '8.38', 1),
(856, 'SYD', 'LC2', '19.25', '14.65', '8.46', 1),
(857, 'SYD', 'LC3', '19.25', '14.65', '8.69', 1),
(858, 'SYD', 'LCN', '16.69', '13.37', '6.66', 1),
(859, 'SYD', 'MAC', '15.42', '12.09', '9.90', 1),
(860, 'SYD', 'MEL', '0.00', '10.83', '5.82', 1),
(861, 'SYD', 'N10', '42.69', '42.70', '8.90', 1),
(862, 'SYD', 'NC1', '14.14', '10.83', '0.75', 1),
(863, 'SYD', 'NC2', '14.14', '10.83', '0.81', 1),
(864, 'SYD', 'NC3', '12.29', '9.48', '0.83', 1),
(865, 'SYD', 'NC4', '14.14', '10.83', '1.09', 1),
(866, 'SYD', 'NC5', '15.42', '12.09', '1.56', 1),
(867, 'SYD', 'NC6', '15.42', '12.09', '6.43', 1),
(868, 'SYD', 'NCL', '14.14', '10.83', '0.72', 1),
(869, 'SYD', 'PER', '0.00', '10.83', '9.06', 1),
(870, 'SYD', 'Q10', '60.80', '60.82', '34.20', 1),
(871, 'SYD', 'QC1', '15.42', '12.09', '4.03', 1),
(872, 'SYD', 'QC2', '15.42', '12.09', '5.24', 1),
(873, 'SYD', 'QC3', '15.42', '12.09', '9.82', 1),
(874, 'SYD', 'QC4', '16.69', '14.65', '13.61', 1),
(875, 'SYD', 'QC5', '16.69', '14.65', '13.92', 1),
(876, 'SYD', 'QC6', '16.69', '15.93', '16.67', 1),
(877, 'SYD', 'QC7', '19.25', '18.48', '20.73', 1),
(878, 'SYD', 'QC8', '19.25', '19.77', '25.11', 1),
(879, 'SYD', 'QC9', '21.80', '21.05', '31.74', 1),
(880, 'SYD', 'RKH', '17.93', '10.83', '9.06', 1),
(881, 'SYD', 'ROC', '15.42', '12.09', '7.28', 1),
(882, 'SYD', 'SSC', '15.42', '12.09', '5.24', 1),
(883, 'SYD', 'SYD', '14.14', '10.83', '0.52', 1),
(884, 'SYD', 'TVL', '15.42', '12.09', '8.94', 1),
(885, 'SYD', 'TWB', '15.42', '12.09', '4.02', 1),
(886, 'SYD', 'VC1', '15.42', '12.09', '2.27', 1),
(887, 'SYD', 'VC2', '15.42', '12.09', '2.83', 1),
(888, 'SYD', 'VC3', '15.42', '12.09', '3.54', 1),
(889, 'SYD', 'WC1', '16.69', '13.37', '12.79', 1),
(890, 'SYD', 'WC2', '16.69', '13.37', '16.02', 1),
(891, 'SYD', 'WC3', '16.69', '13.37', '23.53', 1),
(892, 'SYD', 'WC4', '19.25', '14.65', '35.46', 1),
(893, 'SYD', 'WC5', '23.07', '19.77', '42.37', 1),
(894, 'SYD', 'WC6', '24.36', '21.05', '43.25', 1),
(895, 'SYD', 'WC7', '24.36', '21.05', '43.48', 1),
(896, 'SYD', 'WC8', '24.36', '21.05', '43.53', 1),
(897, 'SYD', 'WC9', '24.36', '21.05', '47.57', 1),
(898, 'SYD', 'WOL', '14.14', '10.83', '0.72', 1),
(899, 'TAM', 'BRS', '0.00', '10.80', '1.78', 1),
(900, 'TVL', 'BRS', '19.02', '10.48', '5.08', 1),
(901, 'TWB', 'BRS', '0.00', '10.80', '0.70', 1),
(902, 'VC1', 'ADL', '15.35', '12.05', '1.47', 1),
(903, 'VC1', 'BRS', '15.35', '12.05', '5.56', 1),
(904, 'VC1', 'MEL', '15.35', '12.05', '0.88', 1),
(905, 'VC1', 'NC3', '14.88', '13.37', '6.31', 1),
(906, 'VC1', 'PER', '15.35', '12.05', '9.26', 1),
(907, 'VC1', 'SYD', '15.35', '12.05', '1.45', 1),
(908, 'VC1', 'WC1', '15.35', '12.05', '9.26', 1),
(909, 'VC2', 'ADL', '15.35', '12.05', '1.61', 1),
(910, 'VC2', 'BRS', '15.35', '12.05', '5.70', 1),
(911, 'VC2', 'MEL', '15.35', '12.05', '1.02', 1),
(912, 'VC2', 'NC3', '14.88', '13.37', '6.44', 1),
(913, 'VC2', 'PER', '17.93', '10.83', '6.87', 1),
(914, 'VC2', 'SYD', '15.35', '12.05', '1.58', 1),
(915, 'VC2', 'WC1', '15.35', '12.05', '9.39', 1),
(916, 'VC3', 'ADL', '15.68', '12.36', '1.77', 1),
(917, 'VC3', 'BRS', '15.68', '12.36', '5.87', 1),
(918, 'VC3', 'MEL', '15.68', '12.36', '1.19', 1),
(919, 'VC3', 'NC3', '15.19', '13.70', '6.62', 1),
(920, 'VC3', 'PER', '15.68', '12.36', '9.56', 1),
(921, 'VC3', 'SYD', '15.68', '12.36', '1.76', 1),
(922, 'VC3', 'WC1', '15.68', '12.36', '9.56', 1),
(923, 'WC1', 'A10', '62.04', '62.07', '34.48', 1),
(924, 'WC1', 'ABY', '12.04', '12.05', '5.89', 1),
(925, 'WC1', 'AC1', '13.31', '13.32', '8.23', 1),
(926, 'WC1', 'AC2', '13.31', '13.32', '8.68', 1),
(927, 'WC1', 'AC3', '14.60', '14.61', '9.30', 1),
(928, 'WC1', 'AC4', '15.86', '15.89', '9.92', 1),
(929, 'WC1', 'AC5', '17.15', '17.16', '10.53', 1),
(930, 'WC1', 'AC6', '19.71', '19.72', '10.53', 1),
(931, 'WC1', 'AC7', '22.26', '22.29', '10.53', 1),
(932, 'WC1', 'AC8', '22.26', '22.29', '32.02', 1),
(933, 'WC1', 'AC9', '22.26', '22.29', '32.02', 1),
(934, 'WC1', 'ADL', '15.35', '12.05', '7.24', 1),
(935, 'WC1', 'BNY', '12.04', '12.05', '0.73', 1),
(936, 'WC1', 'BRO', '12.04', '12.05', '9.76', 1),
(937, 'WC1', 'BRS', '15.35', '12.05', '10.38', 1),
(938, 'WC1', 'BUS', '12.04', '12.05', '0.98', 1),
(939, 'WC1', 'CBR', '12.04', '12.05', '6.79', 1),
(940, 'WC1', 'CRN', '17.15', '17.16', '12.11', 1),
(941, 'WC1', 'CUE', '20.98', '21.01', '14.49', 1),
(942, 'WC1', 'D10', '62.04', '62.07', '34.48', 1),
(943, 'WC1', 'DAM', '15.35', '10.83', '8.22', 1),
(944, 'WC1', 'DAR', '12.04', '12.05', '9.12', 1),
(945, 'WC1', 'DC4', '52.89', '52.89', '34.48', 1),
(946, 'WC1', 'DC6', '52.89', '52.89', '34.48', 1),
(947, 'WC1', 'DC7', '52.89', '52.89', '34.48', 1),
(948, 'WC1', 'DER', '19.71', '19.72', '12.88', 1),
(949, 'WC1', 'DHM', '28.65', '28.67', '14.41', 1),
(950, 'WC1', 'EXM', '20.98', '21.01', '9.92', 1),
(951, 'WC1', 'GER', '12.04', '12.05', '5.56', 1),
(952, 'WC1', 'GLD', '12.04', '12.05', '8.47', 1),
(953, 'WC1', 'GOS', '12.04', '12.05', '8.91', 1),
(954, 'WC1', 'HC1', '15.86', '15.89', '12.07', 1),
(955, 'WC1', 'HC2', '15.86', '15.89', '12.33', 1),
(956, 'WC1', 'HOB', '12.04', '12.05', '6.79', 1),
(957, 'WC1', 'ISA', '12.31', '12.31', '11.75', 1),
(958, 'WC1', 'KAL', '12.04', '12.05', '3.30', 1),
(959, 'WC1', 'KAR', '15.35', '10.83', '8.22', 1),
(960, 'WC1', 'LAV', '19.71', '19.72', '10.57', 1),
(961, 'WC1', 'LC1', '15.86', '15.89', '12.01', 1),
(962, 'WC1', 'LC2', '15.86', '15.89', '12.07', 1),
(963, 'WC1', 'LC3', '15.86', '15.89', '12.33', 1),
(964, 'WC1', 'LCN', '14.60', '14.61', '9.84', 1),
(965, 'WC1', 'LEO', '19.71', '19.72', '10.57', 1),
(966, 'WC1', 'LNS', '19.71', '19.72', '14.83', 1),
(967, 'WC1', 'MAC', '12.04', '12.05', '11.70', 1),
(968, 'WC1', 'MBB', '31.21', '31.22', '36.91', 1),
(969, 'WC1', 'MEE', '20.98', '21.01', '14.49', 1),
(970, 'WC1', 'MEL', '15.35', '12.05', '5.09', 1),
(971, 'WC1', 'MTM', '20.98', '21.01', '14.49', 1),
(972, 'WC1', 'N10', '43.92', '43.94', '27.49', 1),
(973, 'WC1', 'NC1', '13.31', '13.32', '8.70', 1),
(974, 'WC1', 'NC2', '12.04', '12.05', '7.63', 1),
(975, 'WC1', 'NC3', '14.88', '13.37', '10.75', 1),
(976, 'WC1', 'NC4', '14.60', '14.61', '11.80', 1),
(977, 'WC1', 'NC5', '15.86', '15.89', '13.02', 1),
(978, 'WC1', 'NC6', '15.86', '15.89', '25.02', 1),
(979, 'WC1', 'NCL', '12.04', '12.05', '6.86', 1),
(980, 'WC1', 'NUL', '31.21', '31.22', '36.91', 1),
(981, 'WC1', 'PAN', '20.98', '21.01', '14.49', 1),
(982, 'WC1', 'PER', '15.35', '12.05', '0.73', 1),
(983, 'WC1', 'PTH', '12.04', '12.05', '7.83', 1),
(984, 'WC1', 'Q10', '62.04', '62.07', '17.54', 1),
(985, 'WC1', 'QC1', '13.31', '13.32', '8.93', 1),
(986, 'WC1', 'QC2', '13.31', '13.32', '10.16', 1),
(987, 'WC1', 'QC3', '13.31', '13.32', '11.39', 1),
(988, 'WC1', 'QC4', '15.86', '15.89', '12.61', 1),
(989, 'WC1', 'QC5', '15.86', '15.89', '13.85', 1),
(990, 'WC1', 'QC6', '11.71', '11.71', '12.97', 1),
(991, 'WC1', 'QC7', '19.71', '19.72', '15.08', 1),
(992, 'WC1', 'QC8', '20.98', '21.01', '15.08', 1),
(993, 'WC1', 'QC9', '22.26', '22.29', '15.08', 1),
(994, 'WC1', 'RBN', '26.10', '26.11', '16.55', 1),
(995, 'WC1', 'ROC', '17.15', '17.16', '11.75', 1),
(996, 'WC1', 'SSC', '13.31', '13.32', '10.16', 1),
(997, 'WC1', 'SYD', '15.35', '12.05', '8.01', 1),
(998, 'WC1', 'TVL', '12.04', '12.05', '11.70', 1),
(999, 'WC1', 'TWB', '15.86', '15.89', '11.40', 1),
(1000, 'WC1', 'VC1', '13.31', '13.32', '6.03', 1),
(1001, 'WC1', 'VC2', '12.04', '12.05', '6.28', 1),
(1002, 'WC1', 'VC3', '14.60', '14.61', '7.35', 1),
(1003, 'WC1', 'WC1', '12.04', '12.05', '0.73', 1),
(1004, 'WC1', 'WC2', '12.04', '12.05', '5.56', 1),
(1005, 'WC1', 'WC3', '12.04', '12.05', '1.34', 1),
(1006, 'WC1', 'WC4', '13.31', '13.32', '5.54', 1),
(1007, 'WC1', 'WC5', '18.43', '18.43', '11.08', 1),
(1008, 'WC1', 'WC6', '15.35', '10.83', '8.22', 1),
(1009, 'WC1', 'WC7', '20.98', '21.01', '13.35', 1),
(1010, 'WC1', 'WC8', '20.98', '21.01', '14.34', 1),
(1011, 'WC1', 'WC9', '11.71', '11.71', '10.38', 1),
(1012, 'WC1', 'WIC', '19.71', '19.72', '12.75', 1),
(1013, 'WC1', 'WIL', '26.10', '26.11', '14.41', 1),
(1014, 'WC1', 'WOL', '12.04', '12.05', '8.91', 1),
(1015, 'WC1', 'WYN', '26.10', '26.11', '12.81', 1),
(1016, 'WC2', 'ADL', '15.35', '12.05', '7.38', 1),
(1017, 'WC2', 'BRS', '15.35', '12.05', '10.51', 1),
(1018, 'WC2', 'MEL', '15.35', '12.05', '5.23', 1),
(1019, 'WC2', 'NC3', '15.26', '13.57', '11.39', 1),
(1020, 'WC2', 'PER', '15.35', '12.05', '1.00', 1),
(1021, 'WC2', 'SYD', '15.35', '12.05', '8.14', 1),
(1022, 'WC2', 'WC1', '15.35', '12.05', '1.00', 1),
(1023, 'WC3', 'ADL', '15.68', '12.36', '7.54', 1),
(1024, 'WC3', 'BRS', '15.68', '12.36', '10.67', 1),
(1025, 'WC3', 'MEL', '15.68', '12.36', '5.39', 1),
(1026, 'WC3', 'NC3', '15.56', '13.87', '11.55', 1),
(1027, 'WC3', 'PER', '15.68', '12.36', '1.15', 1),
(1028, 'WC3', 'SYD', '15.68', '12.36', '8.30', 1),
(1029, 'WC3', 'WC1', '15.68', '12.36', '1.15', 1),
(1030, 'WC4', 'ADL', '15.68', '12.36', '10.88', 1),
(1031, 'WC4', 'BRS', '15.68', '12.36', '14.01', 1),
(1032, 'WC4', 'MEL', '15.68', '12.36', '8.73', 1),
(1033, 'WC4', 'NC3', '15.56', '13.87', '14.97', 1);
INSERT INTO `rates` (`id`, `origin`, `destination`, `minimum`, `basic_charge`, `per_kg`, `service_type`) VALUES
(1034, 'WC4', 'PER', '15.68', '12.36', '4.50', 1),
(1035, 'WC4', 'SYD', '15.68', '12.36', '11.65', 1),
(1036, 'WC4', 'WC1', '15.68', '12.36', '4.50', 1),
(1037, 'WC5', 'ADL', '15.98', '12.67', '12.76', 1),
(1038, 'WC5', 'BRS', '15.98', '12.67', '15.89', 1),
(1039, 'WC5', 'MEL', '15.98', '12.67', '10.61', 1),
(1040, 'WC5', 'NC3', '15.87', '14.19', '16.88', 1),
(1041, 'WC5', 'PER', '15.98', '12.67', '6.38', 1),
(1042, 'WC5', 'SYD', '15.98', '12.67', '13.53', 1),
(1043, 'WC5', 'WC1', '15.98', '12.67', '6.38', 1),
(1044, 'WC6', 'ADL', '15.98', '12.67', '13.33', 1),
(1045, 'WC6', 'BRS', '15.98', '12.67', '16.46', 1),
(1046, 'WC6', 'MEL', '15.98', '12.67', '11.18', 1),
(1047, 'WC6', 'NC3', '15.87', '14.19', '17.45', 1),
(1048, 'WC6', 'PER', '15.98', '12.67', '6.95', 1),
(1049, 'WC6', 'SYD', '15.98', '12.67', '14.09', 1),
(1050, 'WC6', 'WC1', '15.98', '12.67', '6.95', 1),
(1051, 'WC7', 'ADL', '15.98', '12.67', '13.56', 1),
(1052, 'WC7', 'BRS', '15.98', '12.67', '16.69', 1),
(1053, 'WC7', 'MEL', '15.98', '12.67', '11.41', 1),
(1054, 'WC7', 'NC3', '15.87', '14.19', '17.68', 1),
(1055, 'WC7', 'PER', '15.98', '12.67', '7.18', 1),
(1056, 'WC7', 'SYD', '15.98', '12.67', '14.33', 1),
(1057, 'WC7', 'WC1', '15.98', '12.67', '7.18', 1),
(1058, 'WC8', 'ADL', '16.29', '12.97', '14.04', 1),
(1059, 'WC8', 'BRS', '16.29', '12.97', '17.18', 1),
(1060, 'WC8', 'MEL', '16.29', '12.97', '11.90', 1),
(1061, 'WC8', 'NC3', '16.20', '14.51', '18.19', 1),
(1062, 'WC8', 'PER', '16.29', '12.97', '7.66', 1),
(1063, 'WC8', 'SYD', '16.29', '12.97', '14.81', 1),
(1064, 'WC8', 'WC1', '16.29', '12.97', '7.66', 1),
(1065, 'WC9', 'ADL', '16.29', '12.97', '14.80', 1),
(1066, 'WC9', 'BRS', '16.29', '12.97', '17.94', 1),
(1067, 'WC9', 'MEL', '16.29', '12.97', '12.65', 1),
(1068, 'WC9', 'NC3', '16.20', '14.51', '18.95', 1),
(1069, 'WC9', 'PER', '16.29', '12.97', '8.42', 1),
(1070, 'WC9', 'SYD', '16.29', '12.97', '15.56', 1),
(1071, 'WC9', 'WC1', '16.29', '12.97', '8.42', 1),
(1072, 'WOL', 'BRS', '0.00', '10.80', '3.81', 1),
(1073, 'A10', 'NC3', '0.00', '62.28', '1.47', 2),
(1074, 'ABY', 'AC1', '0.00', '13.15', '0.97', 2),
(1075, 'AC1', 'ADL', '0.00', '12.69', '0.42', 2),
(1076, 'AC1', 'BRS', '0.00', '12.69', '1.16', 2),
(1077, 'AC1', 'MEL', '0.00', '12.69', '0.46', 2),
(1078, 'AC1', 'NC3', '0.00', '12.39', '0.98', 2),
(1079, 'AC1', 'PER', '0.00', '12.69', '1.27', 2),
(1080, 'AC1', 'SYD', '0.00', '12.69', '0.67', 2),
(1081, 'AC1', 'WC1', '0.00', '12.69', '1.27', 2),
(1082, 'AC2', 'ADL', '0.00', '12.69', '0.52', 2),
(1083, 'AC2', 'BRS', '0.00', '12.69', '1.27', 2),
(1084, 'AC2', 'MEL', '0.00', '12.69', '0.56', 2),
(1085, 'AC2', 'NC3', '0.00', '12.39', '1.07', 2),
(1086, 'AC2', 'PER', '0.00', '12.69', '1.36', 2),
(1087, 'AC2', 'SYD', '0.00', '12.69', '0.77', 2),
(1088, 'AC2', 'WC1', '0.00', '12.69', '1.36', 2),
(1089, 'AC3', 'ADL', '0.00', '12.99', '0.60', 2),
(1090, 'AC3', 'BRS', '0.00', '12.99', '1.33', 2),
(1091, 'AC3', 'MEL', '0.00', '12.99', '0.63', 2),
(1092, 'AC3', 'NC3', '0.00', '12.70', '1.15', 2),
(1093, 'AC3', 'PER', '0.00', '12.99', '1.44', 2),
(1094, 'AC3', 'SYD', '0.00', '12.99', '0.84', 2),
(1095, 'AC3', 'WC1', '0.00', '12.99', '1.44', 2),
(1096, 'AC4', 'ADL', '0.00', '12.99', '0.65', 2),
(1097, 'AC4', 'BRS', '0.00', '12.99', '1.39', 2),
(1098, 'AC4', 'MEL', '0.00', '12.99', '0.68', 2),
(1099, 'AC4', 'NC3', '0.00', '12.70', '1.21', 2),
(1100, 'AC4', 'PER', '0.00', '12.99', '1.49', 2),
(1101, 'AC4', 'SYD', '0.00', '12.99', '0.89', 2),
(1102, 'AC4', 'WC1', '0.00', '12.99', '1.49', 2),
(1103, 'AC5', 'ADL', '0.00', '13.31', '0.69', 2),
(1104, 'AC5', 'BRS', '0.00', '13.31', '1.43', 2),
(1105, 'AC5', 'MEL', '0.00', '13.31', '0.72', 2),
(1106, 'AC5', 'NC3', '0.00', '13.00', '1.25', 2),
(1107, 'AC5', 'PER', '0.00', '13.31', '1.53', 2),
(1108, 'AC5', 'SYD', '0.00', '13.31', '0.93', 2),
(1109, 'AC5', 'WC1', '0.00', '13.31', '1.53', 2),
(1110, 'AC6', 'ADL', '0.00', '13.31', '0.77', 2),
(1111, 'AC6', 'BRS', '0.00', '13.31', '1.51', 2),
(1112, 'AC6', 'MEL', '0.00', '13.31', '0.81', 2),
(1113, 'AC6', 'NC3', '0.00', '13.00', '1.32', 2),
(1114, 'AC6', 'PER', '0.00', '13.31', '1.62', 2),
(1115, 'AC6', 'SYD', '0.00', '13.31', '1.01', 2),
(1116, 'AC6', 'WC1', '0.00', '13.31', '1.62', 2),
(1117, 'AC7', 'ADL', '0.00', '13.31', '0.93', 2),
(1118, 'AC7', 'BRS', '0.00', '13.31', '1.67', 2),
(1119, 'AC7', 'MEL', '0.00', '13.31', '0.97', 2),
(1120, 'AC7', 'NC3', '0.00', '13.00', '1.49', 2),
(1121, 'AC7', 'PER', '0.00', '12.56', '1.32', 2),
(1122, 'AC7', 'SYD', '0.00', '13.31', '1.18', 2),
(1123, 'AC7', 'WC1', '0.00', '12.56', '1.32', 2),
(1124, 'AC8', 'ADL', '0.00', '13.61', '0.99', 2),
(1125, 'AC8', 'BRS', '0.00', '13.61', '1.73', 2),
(1126, 'AC8', 'MEL', '0.00', '13.61', '1.03', 2),
(1127, 'AC8', 'NC3', '0.00', '13.34', '1.55', 2),
(1128, 'AC8', 'PER', '0.00', '13.61', '1.84', 2),
(1129, 'AC8', 'SYD', '0.00', '13.61', '1.24', 2),
(1130, 'AC8', 'WC1', '0.00', '13.61', '1.84', 2),
(1131, 'AC9', 'ADL', '0.00', '13.61', '1.05', 2),
(1132, 'AC9', 'BRS', '0.00', '13.61', '1.79', 2),
(1133, 'AC9', 'MEL', '0.00', '13.61', '1.09', 2),
(1134, 'AC9', 'NC3', '0.00', '13.34', '1.62', 2),
(1135, 'AC9', 'PER', '0.00', '13.61', '1.90', 2),
(1136, 'AC9', 'SYD', '0.00', '13.61', '1.29', 2),
(1137, 'AC9', 'WC1', '0.00', '13.61', '1.90', 2),
(1138, 'ADL', 'A10', '0.00', '58.53', '0.73', 2),
(1139, 'ADL', 'AC1', '0.00', '9.47', '0.30', 2),
(1140, 'ADL', 'AC2', '0.00', '9.47', '0.40', 2),
(1141, 'ADL', 'AC3', '0.00', '10.75', '0.45', 2),
(1142, 'ADL', 'AC4', '0.00', '10.75', '1.09', 2),
(1143, 'ADL', 'AC5', '0.00', '12.01', '1.19', 2),
(1144, 'ADL', 'AC6', '0.00', '14.54', '1.43', 2),
(1145, 'ADL', 'AC7', '0.00', '15.82', '1.49', 2),
(1146, 'ADL', 'AC8', '0.00', '17.08', '1.96', 2),
(1147, 'ADL', 'AC9', '0.00', '17.08', '1.96', 2),
(1148, 'ADL', 'ASP', '0.00', '12.01', '0.84', 2),
(1149, 'ADL', 'BOR', '0.00', '9.47', '0.27', 2),
(1150, 'ADL', 'BRK', '0.00', '12.01', '0.84', 2),
(1151, 'ADL', 'BRS', '0.00', '10.80', '0.90', 2),
(1152, 'ADL', 'CBR', '0.00', '9.47', '0.60', 2),
(1153, 'ADL', 'CRN', '0.00', '12.01', '1.54', 2),
(1154, 'ADL', 'D10', '0.00', '58.53', '11.58', 2),
(1155, 'ADL', 'DAR', '0.00', '12.01', '1.33', 2),
(1156, 'ADL', 'DC4', '0.00', '49.45', '6.21', 2),
(1157, 'ADL', 'DC6', '0.00', '49.45', '6.21', 2),
(1158, 'ADL', 'DC7', '0.00', '49.45', '6.21', 2),
(1159, 'ADL', 'GLD', '0.00', '10.75', '0.87', 2),
(1160, 'ADL', 'GOS', '0.00', '9.47', '0.65', 2),
(1161, 'ADL', 'HC1', '0.00', '13.28', '1.62', 2),
(1162, 'ADL', 'HC2', '0.00', '13.28', '1.75', 2),
(1163, 'ADL', 'HOB', '0.00', '12.01', '1.20', 2),
(1164, 'ADL', 'ISA', '0.00', '12.01', '2.17', 2),
(1165, 'ADL', 'L10', '0.00', '77.34', '6.21', 2),
(1166, 'ADL', 'LC1', '0.00', '13.28', '1.56', 2),
(1167, 'ADL', 'LC2', '0.00', '13.28', '1.62', 2),
(1168, 'ADL', 'LC3', '0.00', '13.28', '1.75', 2),
(1169, 'ADL', 'LCN', '0.00', '12.01', '1.13', 2),
(1170, 'ADL', 'MAC', '0.00', '12.01', '1.45', 2),
(1171, 'ADL', 'MCT', '0.00', '9.47', '0.39', 2),
(1172, 'ADL', 'MEL', '0.00', '12.56', '0.63', 2),
(1173, 'ADL', 'MNO', '0.00', '9.47', '0.39', 2),
(1174, 'ADL', 'MON', '0.00', '9.47', '0.27', 2),
(1175, 'ADL', 'MTG', '0.00', '9.47', '0.39', 2),
(1176, 'ADL', 'N10', '0.00', '40.55', '3.64', 2),
(1177, 'ADL', 'NC1', '0.00', '10.75', '0.65', 2),
(1178, 'ADL', 'NC2', '0.00', '10.75', '0.72', 2),
(1179, 'ADL', 'NC3', '0.00', '11.12', '0.88', 2),
(1180, 'ADL', 'NC4', '0.00', '10.75', '0.97', 2),
(1181, 'ADL', 'NC5', '0.00', '12.01', '1.25', 2),
(1182, 'ADL', 'NC6', '0.00', '12.01', '1.64', 2),
(1183, 'ADL', 'NCL', '0.00', '9.47', '0.65', 2),
(1184, 'ADL', 'NCT', '0.00', '9.47', '0.39', 2),
(1185, 'ADL', 'PEN', '0.00', '9.47', '0.39', 2),
(1186, 'ADL', 'PER', '0.00', '12.56', '0.91', 2),
(1187, 'ADL', 'PTA', '0.00', '9.47', '0.39', 2),
(1188, 'ADL', 'PTL', '0.00', '9.47', '0.91', 2),
(1189, 'ADL', 'PTP', '0.00', '9.47', '0.39', 2),
(1190, 'ADL', 'Q10', '0.00', '58.53', '6.13', 2),
(1191, 'ADL', 'QC1', '0.00', '10.75', '1.05', 2),
(1192, 'ADL', 'QC2', '0.00', '10.75', '1.12', 2),
(1193, 'ADL', 'QC3', '0.00', '10.75', '1.34', 2),
(1194, 'ADL', 'QC4', '0.00', '12.01', '1.51', 2),
(1195, 'ADL', 'QC5', '0.00', '12.01', '1.74', 2),
(1196, 'ADL', 'QC6', '0.00', '13.28', '1.88', 2),
(1197, 'ADL', 'QC7', '0.00', '14.54', '1.99', 2),
(1198, 'ADL', 'QC8', '0.00', '17.08', '2.30', 2),
(1199, 'ADL', 'QC9', '0.00', '17.08', '3.32', 2),
(1200, 'ADL', 'RIV', '0.00', '9.47', '0.39', 2),
(1201, 'ADL', 'ROC', '0.00', '12.01', '1.39', 2),
(1202, 'ADL', 'ROX', '0.00', '9.47', '0.77', 2),
(1203, 'ADL', 'SSC', '0.00', '10.75', '1.12', 2),
(1204, 'ADL', 'SYD', '0.00', '12.56', '0.54', 2),
(1205, 'ADL', 'TVL', '0.00', '12.01', '1.51', 2),
(1206, 'ADL', 'TWB', '0.00', '10.75', '1.05', 2),
(1207, 'ADL', 'VC1', '0.00', '10.75', '0.51', 2),
(1208, 'ADL', 'VC2', '0.00', '10.75', '0.59', 2),
(1209, 'ADL', 'VC3', '0.00', '10.75', '0.82', 2),
(1210, 'ADL', 'WC1', '0.00', '12.01', '1.28', 2),
(1211, 'ADL', 'WC2', '0.00', '12.01', '1.37', 2),
(1212, 'ADL', 'WC3', '0.00', '12.01', '1.54', 2),
(1213, 'ADL', 'WC4', '0.00', '13.28', '1.74', 2),
(1214, 'ADL', 'WC5', '0.00', '17.08', '2.12', 2),
(1215, 'ADL', 'WC6', '0.00', '18.35', '2.41', 2),
(1216, 'ADL', 'WC7', '0.00', '18.35', '2.49', 2),
(1217, 'ADL', 'WC8', '0.00', '18.35', '2.53', 2),
(1218, 'ADL', 'WC9', '0.00', '18.35', '3.26', 2),
(1219, 'ADL', 'WCO', '0.00', '9.47', '0.91', 2),
(1220, 'ADL', 'WHY', '0.00', '9.47', '0.39', 2),
(1221, 'ADL', 'WOL', '0.00', '9.47', '0.65', 2),
(1222, 'ADL', 'YKP', '0.00', '9.47', '0.54', 2),
(1223, 'ALB', 'AC1', '0.00', '13.15', '0.97', 2),
(1224, 'ALB', 'AC9', '0.00', '13.95', '1.95', 2),
(1225, 'ALB', 'ADL', '0.00', '13.95', '0.77', 2),
(1226, 'ALB', 'BRS', '0.00', '13.95', '0.71', 2),
(1227, 'ALB', 'CRN', '0.00', '13.95', '1.01', 2),
(1228, 'ALB', 'GYM', '0.00', '13.95', '0.80', 2),
(1229, 'ALB', 'HOB', '0.00', '13.95', '1.04', 2),
(1230, 'ALB', 'MEL', '0.00', '13.95', '0.61', 2),
(1231, 'ALB', 'NC4', '0.00', '13.95', '0.65', 2),
(1232, 'ALB', 'PER', '0.00', '13.95', '1.21', 2),
(1233, 'ALB', 'QC1', '0.00', '13.95', '0.66', 2),
(1234, 'ALB', 'QC2', '0.00', '13.95', '0.80', 2),
(1235, 'ALB', 'QC3', '0.00', '13.95', '0.80', 2),
(1236, 'ALB', 'QC5', '0.00', '13.15', '0.72', 2),
(1237, 'ALB', 'QC6', '0.00', '13.15', '0.88', 2),
(1238, 'ALB', 'QC7', '0.00', '13.95', '1.06', 2),
(1239, 'ALB', 'SYD', '0.00', '13.95', '0.46', 2),
(1240, 'ALB', 'VC1', '0.00', '13.95', '0.75', 2),
(1241, 'ALB', 'VC2', '0.00', '13.95', '0.87', 2),
(1242, 'ASP', 'PER', '0.00', '12.56', '1.32', 2),
(1243, 'BNA', 'BRS', '0.00', '10.80', '0.58', 2),
(1244, 'BRS', 'A10', '0.00', '59.17', '1.92', 2),
(1245, 'BRS', 'AC1', '0.00', '10.75', '0.91', 2),
(1246, 'BRS', 'AC2', '0.00', '10.75', '1.03', 2),
(1247, 'BRS', 'AC3', '0.00', '12.01', '1.07', 2),
(1248, 'BRS', 'AC4', '0.00', '12.01', '1.72', 2),
(1249, 'BRS', 'AC5', '0.00', '13.28', '1.81', 2),
(1250, 'BRS', 'AC6', '0.00', '15.82', '2.05', 2),
(1251, 'BRS', 'AC7', '0.00', '17.08', '2.10', 2),
(1252, 'BRS', 'AC8', '0.00', '17.08', '2.33', 2),
(1253, 'BRS', 'AC9', '0.00', '17.08', '2.33', 2),
(1254, 'BRS', 'ADL', '0.00', '10.80', '0.79', 2),
(1255, 'BRS', 'AYR', '0.00', '10.75', '0.82', 2),
(1256, 'BRS', 'BNA', '0.00', '10.80', '0.48', 2),
(1257, 'BRS', 'BUN', '0.00', '10.80', '0.48', 2),
(1258, 'BRS', 'CBR', '0.00', '10.80', '0.82', 2),
(1259, 'BRS', 'COF', '0.00', '10.80', '0.64', 2),
(1260, 'BRS', 'CRN', '0.00', '10.80', '1.02', 2),
(1261, 'BRS', 'D10', '0.00', '59.17', '12.59', 2),
(1262, 'BRS', 'DAR', '0.00', '10.80', '2.16', 2),
(1263, 'BRS', 'DC4', '0.00', '50.09', '6.93', 2),
(1264, 'BRS', 'DC6', '0.00', '50.09', '6.93', 2),
(1265, 'BRS', 'DC7', '0.00', '50.09', '6.93', 2),
(1266, 'BRS', 'GLA', '0.00', '10.80', '0.72', 2),
(1267, 'BRS', 'GLD', '0.00', '10.80', '0.33', 2),
(1268, 'BRS', 'GOS', '0.00', '9.47', '0.55', 2),
(1269, 'BRS', 'GYM', '0.00', '10.80', '0.41', 2),
(1270, 'BRS', 'HC1', '0.00', '13.28', '1.76', 2),
(1271, 'BRS', 'HC2', '0.00', '13.28', '1.92', 2),
(1272, 'BRS', 'HOB', '0.00', '10.80', '1.58', 2),
(1273, 'BRS', 'ISA', '0.00', '12.01', '1.40', 2),
(1274, 'BRS', 'L10', '0.00', '88.12', '6.93', 2),
(1275, 'BRS', 'LC1', '0.00', '13.28', '1.72', 2),
(1276, 'BRS', 'LC2', '0.00', '13.28', '1.76', 2),
(1277, 'BRS', 'LC3', '0.00', '13.28', '1.92', 2),
(1278, 'BRS', 'LCN', '0.00', '10.80', '1.65', 2),
(1279, 'BRS', 'LIS', '0.00', '10.80', '0.48', 2),
(1280, 'BRS', 'MAC', '0.00', '10.80', '0.84', 2),
(1281, 'BRS', 'MAR', '0.00', '10.80', '0.51', 2),
(1282, 'BRS', 'MEL', '0.00', '10.80', '0.55', 2),
(1283, 'BRS', 'N10', '0.00', '41.21', '3.76', 2),
(1284, 'BRS', 'NC1', '0.00', '10.75', '0.58', 2),
(1285, 'BRS', 'NC2', '0.00', '10.75', '0.64', 2),
(1286, 'BRS', 'NC3', '0.00', '11.12', '0.80', 2),
(1287, 'BRS', 'NC4', '0.00', '10.75', '0.89', 2),
(1288, 'BRS', 'NC5', '0.00', '12.01', '1.15', 2),
(1289, 'BRS', 'NC6', '0.00', '10.83', '1.58', 2),
(1290, 'BRS', 'NCL', '0.00', '10.80', '0.64', 2),
(1291, 'BRS', 'PER', '0.00', '10.80', '1.65', 2),
(1292, 'BRS', 'PRO', '0.00', '10.80', '1.02', 2),
(1293, 'BRS', 'Q10', '0.00', '59.17', '5.64', 2),
(1294, 'BRS', 'QC1', '0.00', '9.47', '0.36', 2),
(1295, 'BRS', 'QC2', '0.00', '10.80', '0.45', 2),
(1296, 'BRS', 'QC3', '0.00', '10.75', '0.66', 2),
(1297, 'BRS', 'QC4', '0.00', '10.75', '0.84', 2),
(1298, 'BRS', 'QC5', '0.00', '10.75', '1.07', 2),
(1299, 'BRS', 'QC6', '0.00', '12.56', '0.77', 2),
(1300, 'BRS', 'QC7', '0.00', '13.28', '1.32', 2),
(1301, 'BRS', 'QC8', '0.00', '15.82', '1.63', 2),
(1302, 'BRS', 'QC9', '0.00', '15.82', '2.63', 2),
(1303, 'BRS', 'ROC', '0.00', '10.80', '0.70', 2),
(1304, 'BRS', 'SSC', '0.00', '10.80', '0.45', 2),
(1305, 'BRS', 'SYD', '0.00', '10.80', '0.42', 2),
(1306, 'BRS', 'TAM', '0.00', '10.80', '0.54', 2),
(1307, 'BRS', 'TVL', '0.00', '10.80', '0.96', 2),
(1308, 'BRS', 'TWB', '0.00', '10.80', '0.34', 2),
(1309, 'BRS', 'VC1', '0.00', '10.75', '0.66', 2),
(1310, 'BRS', 'VC2', '0.00', '10.75', '0.73', 2),
(1311, 'BRS', 'VC3', '0.00', '10.75', '0.96', 2),
(1312, 'BRS', 'WC1', '0.00', '12.01', '1.70', 2),
(1313, 'BRS', 'WC2', '0.00', '12.01', '1.79', 2),
(1314, 'BRS', 'WC3', '0.00', '12.01', '1.97', 2),
(1315, 'BRS', 'WC4', '0.00', '13.28', '2.17', 2),
(1316, 'BRS', 'WC5', '0.00', '17.08', '2.54', 2),
(1317, 'BRS', 'WC6', '0.00', '18.35', '2.83', 2),
(1318, 'BRS', 'WC7', '0.00', '18.35', '2.91', 2),
(1319, 'BRS', 'WC8', '0.00', '18.35', '2.95', 2),
(1320, 'BRS', 'WC9', '0.00', '18.35', '3.67', 2),
(1321, 'BRS', 'WOL', '0.00', '10.80', '0.70', 2),
(1322, 'BUN', 'BRS', '0.00', '10.80', '0.58', 2),
(1323, 'CBR', 'ADL', '0.00', '12.01', '0.71', 2),
(1324, 'CBR', 'BRS', '0.00', '10.80', '0.89', 2),
(1325, 'CBR', 'MEL', '0.00', '12.01', '0.44', 2),
(1326, 'CBR', 'NC3', '0.00', '9.80', '0.38', 2),
(1327, 'CBR', 'PER', '0.00', '12.56', '1.53', 2),
(1328, 'CBR', 'SYD', '0.00', '12.01', '0.36', 2),
(1329, 'CBR', 'WC1', '0.00', '12.56', '1.53', 2),
(1330, 'COF', 'BRS', '0.00', '10.80', '0.76', 2),
(1331, 'CRN', 'BRS', '0.00', '10.80', '1.12', 2),
(1332, 'CRN', 'MEL', '0.00', '13.95', '1.61', 2),
(1333, 'CRN', 'SYD', '0.00', '13.28', '1.44', 2),
(1334, 'D10', 'NC3', '0.00', '62.28', '12.23', 2),
(1335, 'D10', 'WC1', '0.00', '60.82', '15.73', 2),
(1336, 'DAR', 'ADL', '0.00', '14.54', '1.58', 2),
(1337, 'DAR', 'BRS', '0.00', '10.80', '2.48', 2),
(1338, 'DAR', 'MEL', '0.00', '14.54', '2.03', 2),
(1339, 'DAR', 'SYD', '0.00', '14.54', '1.76', 2),
(1340, 'DC4', 'NC3', '0.00', '52.86', '6.66', 2),
(1341, 'DC6', 'NC3', '0.00', '52.86', '6.66', 2),
(1342, 'DC7', 'NC3', '0.00', '52.86', '6.66', 2),
(1343, 'GLA', 'BRS', '0.00', '10.80', '0.83', 2),
(1344, 'GLD', 'ADL', '0.00', '13.28', '1.05', 2),
(1345, 'GLD', 'BRS', '0.00', '10.80', '0.36', 2),
(1346, 'GLD', 'MEL', '0.00', '12.01', '0.81', 2),
(1347, 'GLD', 'NC3', '0.00', '11.12', '0.86', 2),
(1348, 'GLD', 'SYD', '0.00', '12.01', '0.64', 2),
(1349, 'GOS', 'MEL', '0.00', '12.01', '0.67', 2),
(1350, 'GOS', 'SYD', '0.00', '12.01', '0.33', 2),
(1351, 'GYM', 'BRS', '0.00', '10.80', '0.48', 2),
(1352, 'HC1', 'ADL', '0.00', '11.93', '1.33', 2),
(1353, 'HC1', 'BRS', '0.00', '11.93', '1.56', 2),
(1354, 'HC1', 'MEL', '0.00', '11.93', '1.04', 2),
(1355, 'HC1', 'NC3', '0.00', '11.95', '1.40', 2),
(1356, 'HC1', 'PER', '0.00', '11.93', '2.00', 2),
(1357, 'HC1', 'SYD', '0.00', '11.93', '1.36', 2),
(1358, 'HC1', 'WC1', '0.00', '11.93', '2.00', 2),
(1359, 'HC2', 'ADL', '0.00', '11.93', '1.39', 2),
(1360, 'HC2', 'BRS', '0.00', '11.93', '1.61', 2),
(1361, 'HC2', 'MEL', '0.00', '11.93', '1.09', 2),
(1362, 'HC2', 'PER', '0.00', '11.93', '2.06', 2),
(1363, 'HC2', 'SYD', '0.00', '11.93', '1.42', 2),
(1364, 'HC2', 'WC1', '0.00', '11.93', '2.06', 2),
(1365, 'HOB', 'ADL', '0.00', '14.54', '1.44', 2),
(1366, 'HOB', 'BRS', '0.00', '10.80', '1.97', 2),
(1367, 'HOB', 'MEL', '0.00', '13.28', '1.15', 2),
(1368, 'HOB', 'NC3', '0.00', '10.79', '1.32', 2),
(1369, 'HOB', 'PER', '0.00', '10.69', '1.92', 2),
(1370, 'HOB', 'SYD', '0.00', '14.54', '1.52', 2),
(1371, 'HOB', 'WC1', '0.00', '10.69', '1.92', 2),
(1372, 'L10', 'NC3', '0.00', '94.95', '6.66', 2),
(1373, 'LC1', 'ADL', '0.00', '11.93', '1.33', 2),
(1374, 'LC1', 'BRS', '0.00', '11.93', '1.56', 2),
(1375, 'LC1', 'MEL', '0.00', '11.93', '1.04', 2),
(1376, 'LC1', 'NC3', '0.00', '12.05', '1.41', 2),
(1377, 'LC1', 'PER', '0.00', '11.93', '2.00', 2),
(1378, 'LC1', 'SYD', '0.00', '11.93', '1.36', 2),
(1379, 'LC1', 'WC1', '0.00', '11.93', '2.00', 2),
(1380, 'LC2', 'ADL', '0.00', '11.93', '1.39', 2),
(1381, 'LC2', 'BRS', '0.00', '11.93', '1.61', 2),
(1382, 'LC2', 'MEL', '0.00', '11.93', '1.09', 2),
(1383, 'LC2', 'NC3', '0.00', '11.95', '1.45', 2),
(1384, 'LC2', 'PER', '0.00', '11.93', '2.06', 2),
(1385, 'LC2', 'SYD', '0.00', '11.93', '1.42', 2),
(1386, 'LC2', 'WC1', '0.00', '11.93', '2.06', 2),
(1387, 'LC3', 'ADL', '0.00', '11.93', '1.43', 2),
(1388, 'LC3', 'BRS', '0.00', '11.93', '1.66', 2),
(1389, 'LC3', 'MEL', '0.00', '11.93', '1.13', 2),
(1390, 'LC3', 'NC3', '0.00', '12.05', '1.51', 2),
(1391, 'LC3', 'PER', '0.00', '11.93', '2.11', 2),
(1392, 'LC3', 'SYD', '0.00', '11.93', '1.47', 2),
(1393, 'LC3', 'WC1', '0.00', '11.93', '2.11', 2),
(1394, 'LCN', 'ADL', '0.00', '14.54', '1.36', 2),
(1395, 'LCN', 'BRS', '0.00', '10.80', '1.97', 2),
(1396, 'LCN', 'MEL', '0.00', '13.28', '1.07', 2),
(1397, 'LCN', 'NC3', '0.00', '10.79', '1.32', 2),
(1398, 'LCN', 'PER', '0.00', '10.69', '1.92', 2),
(1399, 'LCN', 'SYD', '0.00', '14.54', '1.44', 2),
(1400, 'LCN', 'WC1', '0.00', '10.69', '1.92', 2),
(1401, 'LIS', 'BRS', '0.00', '10.80', '0.59', 2),
(1402, 'MAC', 'BRS', '0.00', '10.80', '1.02', 2),
(1403, 'MAC', 'MEL', '0.00', '13.88', '1.51', 2),
(1404, 'MAC', 'SYD', '0.00', '13.28', '1.34', 2),
(1405, 'MAR', 'BRS', '0.00', '10.80', '0.59', 2),
(1406, 'MEL', 'A10', '0.00', '58.53', '1.10', 2),
(1407, 'MEL', 'AC1', '0.00', '10.75', '0.67', 2),
(1408, 'MEL', 'AC2', '0.00', '10.75', '0.78', 2),
(1409, 'MEL', 'AC3', '0.00', '12.01', '0.83', 2),
(1410, 'MEL', 'AC4', '0.00', '12.01', '1.48', 2),
(1411, 'MEL', 'AC5', '0.00', '13.28', '1.57', 2),
(1412, 'MEL', 'AC6', '0.00', '15.82', '1.81', 2),
(1413, 'MEL', 'AC7', '0.00', '17.08', '1.87', 2),
(1414, 'MEL', 'AC8', '0.00', '17.08', '2.33', 2),
(1415, 'MEL', 'AC9', '0.00', '17.08', '2.33', 2),
(1416, 'MEL', 'ADL', '0.00', '12.56', '0.63', 2),
(1417, 'MEL', 'BRS', '0.00', '10.80', '0.64', 2),
(1418, 'MEL', 'CBR', '0.00', '9.47', '0.36', 2),
(1419, 'MEL', 'CRN', '0.00', '11.37', '1.34', 2),
(1420, 'MEL', 'D10', '0.00', '58.53', '11.90', 2),
(1421, 'MEL', 'DAR', '0.00', '12.56', '1.89', 2),
(1422, 'MEL', 'DC4', '0.00', '49.45', '6.21', 2),
(1423, 'MEL', 'DC6', '0.00', '49.45', '6.21', 2),
(1424, 'MEL', 'DC7', '0.00', '49.45', '6.21', 2),
(1425, 'MEL', 'GLD', '0.00', '9.47', '0.66', 2),
(1426, 'MEL', 'GOS', '0.00', '9.47', '0.58', 2),
(1427, 'MEL', 'HC1', '0.00', '13.28', '1.37', 2),
(1428, 'MEL', 'HC2', '0.00', '13.28', '1.51', 2),
(1429, 'MEL', 'HOB', '0.00', '12.56', '0.98', 2),
(1430, 'MEL', 'ISA', '0.00', '12.01', '1.97', 2),
(1431, 'MEL', 'L10', '0.00', '77.34', '6.21', 2),
(1432, 'MEL', 'LC1', '0.00', '13.28', '1.32', 2),
(1433, 'MEL', 'LC2', '0.00', '13.28', '1.37', 2),
(1434, 'MEL', 'LC3', '0.00', '13.28', '1.51', 2),
(1435, 'MEL', 'LCN', '0.00', '10.75', '0.89', 2),
(1436, 'MEL', 'MAC', '0.00', '11.37', '1.26', 2),
(1437, 'MEL', 'N10', '0.00', '40.55', '3.93', 2),
(1438, 'MEL', 'NC1', '0.00', '12.56', '0.77', 2),
(1439, 'MEL', 'NC2', '0.00', '10.75', '0.65', 2),
(1440, 'MEL', 'NC3', '0.00', '11.12', '0.81', 2),
(1441, 'MEL', 'NC4', '0.00', '10.75', '0.90', 2),
(1442, 'MEL', 'NC5', '0.00', '12.01', '1.18', 2),
(1443, 'MEL', 'NC6', '0.00', '12.01', '1.57', 2),
(1444, 'MEL', 'NCL', '0.00', '9.47', '0.60', 2),
(1445, 'MEL', 'PER', '0.00', '12.56', '1.01', 2),
(1446, 'MEL', 'Q10', '0.00', '58.53', '5.89', 2),
(1447, 'MEL', 'QC1', '0.00', '10.75', '0.84', 2),
(1448, 'MEL', 'QC2', '0.00', '12.56', '0.98', 2),
(1449, 'MEL', 'QC3', '0.00', '10.75', '1.14', 2),
(1450, 'MEL', 'QC4', '0.00', '12.01', '1.32', 2),
(1451, 'MEL', 'QC5', '0.00', '12.01', '1.54', 2),
(1452, 'MEL', 'QC6', '0.00', '13.28', '1.69', 2),
(1453, 'MEL', 'QC7', '0.00', '14.54', '1.79', 2),
(1454, 'MEL', 'QC8', '0.00', '17.08', '2.10', 2),
(1455, 'MEL', 'QC9', '0.00', '17.08', '3.11', 2),
(1456, 'MEL', 'ROC', '0.00', '11.37', '1.19', 2),
(1457, 'MEL', 'SSC', '0.00', '12.56', '0.98', 2),
(1458, 'MEL', 'SYD', '0.00', '12.56', '0.63', 2),
(1459, 'MEL', 'TVL', '0.00', '11.37', '1.32', 2),
(1460, 'MEL', 'TWB', '0.00', '10.75', '0.84', 2),
(1461, 'MEL', 'VC1', '0.00', '11.18', '0.49', 2),
(1462, 'MEL', 'VC2', '0.00', '11.18', '0.57', 2),
(1463, 'MEL', 'VC3', '0.00', '11.18', '0.63', 2),
(1464, 'MEL', 'WC1', '0.00', '12.01', '1.43', 2),
(1465, 'MEL', 'WC2', '0.00', '12.01', '1.52', 2),
(1466, 'MEL', 'WC3', '0.00', '12.01', '1.70', 2),
(1467, 'MEL', 'WC4', '0.00', '13.28', '1.89', 2),
(1468, 'MEL', 'WC5', '0.00', '17.08', '2.28', 2),
(1469, 'MEL', 'WC6', '0.00', '18.35', '2.55', 2),
(1470, 'MEL', 'WC7', '0.00', '18.35', '2.64', 2),
(1471, 'MEL', 'WC8', '0.00', '18.35', '2.70', 2),
(1472, 'MEL', 'WC9', '0.00', '18.35', '3.40', 2),
(1473, 'MEL', 'WOL', '0.00', '9.47', '0.59', 2),
(1474, 'N10', 'NC3', '0.00', '43.66', '3.99', 2),
(1475, 'NC1', 'ADL', '0.00', '12.69', '0.75', 2),
(1476, 'NC1', 'BRS', '0.00', '12.69', '0.70', 2),
(1477, 'NC1', 'MEL', '0.00', '12.69', '0.54', 2),
(1478, 'NC1', 'NC3', '0.00', '11.07', '0.58', 2),
(1479, 'NC1', 'PER', '0.00', '12.69', '1.65', 2),
(1480, 'NC1', 'QC2', '0.00', '12.56', '1.18', 2),
(1481, 'NC1', 'SYD', '0.00', '12.69', '0.46', 2),
(1482, 'NC1', 'WC1', '0.00', '12.69', '1.65', 2),
(1483, 'NC2', 'ADL', '0.00', '12.69', '0.78', 2),
(1484, 'NC2', 'BRS', '0.00', '12.69', '0.75', 2),
(1485, 'NC2', 'MEL', '0.00', '12.69', '0.58', 2),
(1486, 'NC2', 'NC3', '0.00', '11.07', '0.62', 2),
(1487, 'NC2', 'PER', '0.00', '13.95', '1.47', 2),
(1488, 'NC2', 'SYD', '0.00', '12.69', '0.49', 2),
(1489, 'NC2', 'WC1', '0.00', '13.95', '1.47', 2),
(1490, 'NC3', 'A10', '0.00', '62.28', '1.47', 2),
(1491, 'NC3', 'AC1', '0.00', '12.70', '1.02', 2),
(1492, 'NC3', 'AC2', '0.00', '12.70', '1.12', 2),
(1493, 'NC3', 'AC3', '0.00', '14.01', '1.16', 2),
(1494, 'NC3', 'AC4', '0.00', '14.01', '1.85', 2),
(1495, 'NC3', 'AC5', '0.00', '15.33', '1.94', 2),
(1496, 'NC3', 'AC6', '0.00', '17.98', '2.20', 2),
(1497, 'NC3', 'AC7', '0.00', '19.27', '2.26', 2),
(1498, 'NC3', 'AC8', '0.00', '19.27', '2.39', 2),
(1499, 'NC3', 'AC9', '0.00', '19.27', '2.39', 2),
(1500, 'NC3', 'ADL', '0.00', '11.39', '0.72', 2),
(1501, 'NC3', 'BRS', '0.00', '11.39', '0.69', 2),
(1502, 'NC3', 'CBR', '0.00', '11.39', '0.54', 2),
(1503, 'NC3', 'D10', '0.00', '62.28', '12.23', 2),
(1504, 'NC3', 'DAR', '0.00', '14.01', '1.74', 2),
(1505, 'NC3', 'DC4', '0.00', '52.86', '6.66', 2),
(1506, 'NC3', 'DC6', '0.00', '52.86', '6.66', 2),
(1507, 'NC3', 'DC7', '0.00', '52.86', '6.66', 2),
(1508, 'NC3', 'GLD', '0.00', '11.39', '0.76', 2),
(1509, 'NC3', 'GOS', '0.00', '11.39', '0.52', 2),
(1510, 'NC3', 'HC1', '0.00', '15.33', '1.97', 2),
(1511, 'NC3', 'HOB', '0.00', '14.01', '1.54', 2),
(1512, 'NC3', 'L10', '0.00', '94.95', '6.66', 2),
(1513, 'NC3', 'LC1', '0.00', '15.33', '1.90', 2),
(1514, 'NC3', 'LC2', '0.00', '15.33', '1.97', 2),
(1515, 'NC3', 'LC3', '0.00', '15.33', '2.10', 2),
(1516, 'NC3', 'LCN', '0.00', '14.01', '1.46', 2),
(1517, 'NC3', 'MEL', '0.00', '11.39', '0.58', 2),
(1518, 'NC3', 'N10', '0.00', '43.66', '3.99', 2),
(1519, 'NC3', 'NC1', '0.00', '11.39', '0.55', 2),
(1520, 'NC3', 'NC2', '0.00', '12.70', '0.59', 2),
(1521, 'NC3', 'NC3', '0.00', '11.39', '0.70', 2),
(1522, 'NC3', 'NC4', '0.00', '11.39', '0.84', 2),
(1523, 'NC3', 'NC5', '0.00', '12.70', '1.11', 2),
(1524, 'NC3', 'NC6', '0.00', '12.70', '1.52', 2),
(1525, 'NC3', 'NCL', '0.00', '11.39', '0.52', 2),
(1526, 'NC3', 'PER', '0.00', '11.39', '1.43', 2),
(1527, 'NC3', 'Q10', '0.00', '62.28', '6.05', 2),
(1528, 'NC3', 'QC1', '0.00', '12.70', '0.94', 2),
(1529, 'NC3', 'QC2', '0.00', '12.70', '1.02', 2),
(1530, 'NC3', 'QC3', '0.00', '12.70', '1.27', 2),
(1531, 'NC3', 'QC4', '0.00', '14.01', '1.43', 2),
(1532, 'NC3', 'QC5', '0.00', '14.01', '1.67', 2),
(1533, 'NC3', 'QC6', '0.00', '15.33', '1.82', 2),
(1534, 'NC3', 'QC7', '0.00', '16.65', '1.93', 2),
(1535, 'NC3', 'QC8', '0.00', '19.27', '2.26', 2),
(1536, 'NC3', 'QC9', '0.00', '19.27', '3.30', 2),
(1537, 'NC3', 'SSC', '0.00', '12.70', '1.02', 2),
(1538, 'NC3', 'SYD', '0.00', '11.39', '0.49', 2),
(1539, 'NC3', 'TVL', '0.00', '12.70', '1.43', 2),
(1540, 'NC3', 'VC1', '0.00', '12.70', '0.83', 2),
(1541, 'NC3', 'VC2', '0.00', '12.70', '0.89', 2),
(1542, 'NC3', 'VC3', '0.00', '12.70', '1.12', 2),
(1543, 'NC3', 'WC1', '0.00', '14.01', '1.82', 2),
(1544, 'NC3', 'WC2', '0.00', '14.01', '1.91', 2),
(1545, 'NC3', 'WC3', '0.00', '14.01', '2.09', 2),
(1546, 'NC3', 'WC4', '0.00', '15.33', '2.30', 2),
(1547, 'NC3', 'WC5', '0.00', '19.27', '2.69', 2),
(1548, 'NC3', 'WC6', '0.00', '20.58', '2.98', 2),
(1549, 'NC3', 'WC7', '0.00', '20.58', '3.08', 2),
(1550, 'NC3', 'WC8', '0.00', '20.58', '3.12', 2),
(1551, 'NC3', 'WC9', '0.00', '20.58', '3.86', 2),
(1552, 'NC3', 'WOL', '0.00', '11.39', '0.52', 2),
(1553, 'NC4', 'AC2', '0.00', '12.56', '1.48', 2),
(1554, 'NC4', 'ADL', '0.00', '13.95', '0.77', 2),
(1555, 'NC4', 'BRS', '0.00', '12.99', '0.85', 2),
(1556, 'NC4', 'MEL', '0.00', '12.99', '0.69', 2),
(1557, 'NC4', 'NC3', '0.00', '11.39', '0.73', 2),
(1558, 'NC4', 'NC4', '0.00', '13.95', '0.65', 2),
(1559, 'NC4', 'PER', '0.00', '13.95', '1.73', 2),
(1560, 'NC4', 'QC1', '0.00', '13.95', '0.66', 2),
(1561, 'NC4', 'QC2', '0.00', '13.95', '0.80', 2),
(1562, 'NC4', 'QC7', '0.00', '13.95', '1.48', 2),
(1563, 'NC4', 'SYD', '0.00', '13.95', '0.55', 2),
(1564, 'NC4', 'VC1', '0.00', '12.56', '1.19', 2),
(1565, 'NC4', 'VC2', '0.00', '12.56', '1.32', 2),
(1566, 'NC4', 'WC1', '0.00', '13.95', '1.73', 2),
(1567, 'NC5', 'ADL', '0.00', '13.31', '0.91', 2),
(1568, 'NC5', 'BRS', '0.00', '13.31', '0.88', 2),
(1569, 'NC5', 'MEL', '0.00', '13.31', '0.71', 2),
(1570, 'NC5', 'NC3', '0.00', '11.70', '0.76', 2),
(1571, 'NC5', 'PER', '0.00', '13.31', '1.83', 2),
(1572, 'NC5', 'SYD', '0.00', '13.31', '0.64', 2),
(1573, 'NC5', 'WC1', '0.00', '13.31', '1.83', 2),
(1574, 'NC6', 'ADL', '0.00', '13.31', '1.23', 2),
(1575, 'NC6', 'BRS', '0.00', '13.31', '1.19', 2),
(1576, 'NC6', 'MEL', '0.00', '13.31', '1.02', 2),
(1577, 'NC6', 'NC3', '0.00', '11.70', '1.07', 2),
(1578, 'NC6', 'PER', '0.00', '13.31', '2.13', 2),
(1579, 'NC6', 'SYD', '0.00', '13.31', '0.94', 2),
(1580, 'NC6', 'WC1', '0.00', '13.31', '2.13', 2),
(1581, 'NCL', 'ADL', '0.00', '12.01', '0.78', 2),
(1582, 'NCL', 'BRS', '0.00', '10.80', '0.79', 2),
(1583, 'NCL', 'MEL', '0.00', '12.01', '0.71', 2),
(1584, 'NCL', 'NC3', '0.00', '11.07', '0.56', 2),
(1585, 'NCL', 'SYD', '0.00', '12.01', '0.35', 2),
(1586, 'PER', 'A10', '0.00', '60.82', '2.27', 2),
(1587, 'PER', 'ABY', '0.00', '10.38', '0.48', 2),
(1588, 'PER', 'AC1', '0.00', '12.56', '0.57', 2),
(1589, 'PER', 'AC2', '0.00', '12.56', '0.67', 2),
(1590, 'PER', 'AC3', '0.00', '12.56', '0.84', 2),
(1591, 'PER', 'AC4', '0.00', '12.56', '1.05', 2),
(1592, 'PER', 'AC5', '0.00', '12.56', '1.19', 2),
(1593, 'PER', 'AC6', '0.00', '12.56', '1.36', 2),
(1594, 'PER', 'AC7', '0.00', '12.56', '1.47', 2),
(1595, 'PER', 'AC8', '0.00', '13.95', '1.53', 2),
(1596, 'PER', 'AC9', '0.00', '13.95', '1.68', 2),
(1597, 'PER', 'ADL', '0.00', '10.48', '0.34', 2),
(1598, 'PER', 'BRO', '0.00', '12.95', '1.30', 2),
(1599, 'PER', 'BRS', '0.00', '10.80', '0.71', 2),
(1600, 'PER', 'CBR', '0.00', '11.87', '1.26', 2),
(1601, 'PER', 'CRN', '0.00', '13.95', '1.68', 2),
(1602, 'PER', 'CUE', '0.00', '20.71', '2.20', 2),
(1603, 'PER', 'D10', '0.00', '60.82', '15.73', 2),
(1604, 'PER', 'DAR', '0.00', '10.48', '1.53', 2),
(1605, 'PER', 'DC4', '0.00', '51.68', '8.46', 2),
(1606, 'PER', 'DC6', '0.00', '51.68', '8.46', 2),
(1607, 'PER', 'DC7', '0.00', '51.68', '8.46', 2),
(1608, 'PER', 'DER', '0.00', '12.95', '1.55', 2),
(1609, 'PER', 'GER', '0.00', '10.38', '0.43', 2),
(1610, 'PER', 'HC1', '0.00', '13.95', '1.53', 2),
(1611, 'PER', 'HC2', '0.00', '13.95', '1.61', 2),
(1612, 'PER', 'HOB', '0.00', '12.56', '1.26', 2),
(1613, 'PER', 'KAL', '0.00', '10.38', '0.44', 2),
(1614, 'PER', 'KAR', '0.00', '12.95', '1.94', 2),
(1615, 'PER', 'LC1', '0.00', '13.95', '1.47', 2),
(1616, 'PER', 'LC2', '0.00', '13.95', '1.53', 2),
(1617, 'PER', 'LC3', '0.00', '13.95', '1.61', 2),
(1618, 'PER', 'LCN', '0.00', '12.56', '1.26', 2),
(1619, 'PER', 'MEE', '0.00', '20.71', '2.20', 2),
(1620, 'PER', 'MEL', '0.00', '9.09', '0.48', 2),
(1621, 'PER', 'MTM', '0.00', '20.71', '2.07', 2),
(1622, 'PER', 'N10', '0.00', '42.70', '4.94', 2),
(1623, 'PER', 'NC1', '0.00', '13.95', '0.70', 2),
(1624, 'PER', 'NC2', '0.00', '13.95', '0.91', 2),
(1625, 'PER', 'NC3', '0.00', '10.79', '1.14', 2),
(1626, 'PER', 'NC4', '0.00', '13.95', '1.05', 2),
(1627, 'PER', 'NC5', '0.00', '13.95', '1.12', 2),
(1628, 'PER', 'NC6', '0.00', '13.95', '1.28', 2),
(1629, 'PER', 'NCL', '0.00', '13.95', '0.69', 2),
(1630, 'PER', 'PTH', '0.00', '12.95', '1.94', 2),
(1631, 'PER', 'Q10', '0.00', '60.82', '9.36', 2),
(1632, 'PER', 'QC1', '0.00', '13.95', '1.12', 2),
(1633, 'PER', 'QC2', '0.00', '13.95', '1.19', 2),
(1634, 'PER', 'QC3', '0.00', '13.95', '1.40', 2),
(1635, 'PER', 'QC4', '0.00', '13.95', '1.53', 2),
(1636, 'PER', 'QC5', '0.00', '13.95', '1.74', 2),
(1637, 'PER', 'QC6', '0.00', '13.95', '1.89', 2),
(1638, 'PER', 'QC7', '0.00', '13.95', '2.03', 2),
(1639, 'PER', 'QC8', '0.00', '13.95', '2.16', 2),
(1640, 'PER', 'QC9', '0.00', '13.95', '2.30', 2),
(1641, 'PER', 'SYD', '0.00', '10.48', '0.59', 2),
(1642, 'PER', 'VC1', '0.00', '12.56', '0.70', 2),
(1643, 'PER', 'VC2', '0.00', '12.56', '0.76', 2),
(1644, 'PER', 'VC3', '0.00', '12.56', '0.91', 2),
(1645, 'PER', 'WC1', '0.00', '10.38', '0.38', 2),
(1646, 'PER', 'WC2', '0.00', '10.38', '0.44', 2),
(1647, 'PER', 'WC3', '0.00', '10.38', '0.47', 2),
(1648, 'PER', 'WC4', '0.00', '10.38', '0.51', 2),
(1649, 'PER', 'WC5', '0.00', '12.95', '0.93', 2),
(1650, 'PER', 'WC6', '0.00', '12.95', '1.16', 2),
(1651, 'PER', 'WC7', '0.00', '12.95', '1.25', 2),
(1652, 'PER', 'WC8', '0.00', '12.95', '1.30', 2),
(1653, 'PER', 'WC9', '0.00', '15.53', '1.43', 2),
(1654, 'PRO', 'BRS', '0.00', '10.80', '1.21', 2),
(1655, 'Q10', 'NC3', '0.00', '62.28', '6.05', 2),
(1656, 'QC1', 'ADL', '0.00', '12.69', '0.91', 2),
(1657, 'QC1', 'BRS', '0.00', '12.69', '0.43', 2),
(1658, 'QC1', 'MEL', '0.00', '12.69', '0.65', 2),
(1659, 'QC1', 'NC3', '0.00', '12.39', '0.89', 2),
(1660, 'QC1', 'NC4', '0.00', '13.95', '1.31', 2),
(1661, 'QC1', 'NC5', '0.00', '13.95', '1.56', 2),
(1662, 'QC1', 'PER', '0.00', '13.95', '1.61', 2),
(1663, 'QC1', 'SYD', '0.00', '12.69', '0.55', 2),
(1664, 'QC1', 'WC1', '0.00', '13.95', '1.61', 2),
(1665, 'QC2', 'ADL', '0.00', '12.69', '0.97', 2),
(1666, 'QC2', 'BRS', '0.00', '12.56', '0.54', 2),
(1667, 'QC2', 'MEL', '0.00', '12.69', '0.69', 2),
(1668, 'QC2', 'NC3', '0.00', '12.39', '0.93', 2),
(1669, 'QC2', 'PER', '0.00', '13.95', '1.74', 2),
(1670, 'QC2', 'SYD', '0.00', '12.56', '0.82', 2),
(1671, 'QC2', 'WC1', '0.00', '13.95', '1.74', 2),
(1672, 'QC3', 'ADL', '0.00', '12.99', '1.04', 2),
(1673, 'QC3', 'BRS', '0.00', '12.99', '0.55', 2),
(1674, 'QC3', 'MEL', '0.00', '12.99', '0.77', 2),
(1675, 'QC3', 'NC3', '0.00', '12.70', '1.02', 2),
(1676, 'QC3', 'PER', '0.00', '12.99', '2.00', 2),
(1677, 'QC3', 'SYD', '0.00', '12.99', '0.67', 2),
(1678, 'QC3', 'WC1', '0.00', '12.99', '2.00', 2),
(1679, 'QC4', 'ADL', '0.00', '12.99', '1.07', 2),
(1680, 'QC4', 'BRS', '0.00', '12.99', '0.59', 2),
(1681, 'QC4', 'MEL', '0.00', '12.99', '0.80', 2),
(1682, 'QC4', 'NC3', '0.00', '12.70', '1.05', 2),
(1683, 'QC4', 'PER', '0.00', '12.99', '2.05', 2),
(1684, 'QC4', 'SYD', '0.00', '12.99', '0.70', 2),
(1685, 'QC4', 'WC1', '0.00', '12.99', '2.05', 2),
(1686, 'QC5', 'ADL', '0.00', '13.31', '1.11', 2),
(1687, 'QC5', 'BRS', '0.00', '13.31', '0.63', 2),
(1688, 'QC5', 'MEL', '0.00', '13.31', '0.85', 2),
(1689, 'QC5', 'NC3', '0.00', '13.00', '1.09', 2),
(1690, 'QC5', 'PER', '0.00', '13.31', '2.09', 2),
(1691, 'QC5', 'SYD', '0.00', '13.31', '0.75', 2),
(1692, 'QC5', 'WC1', '0.00', '13.31', '2.09', 2),
(1693, 'QC6', 'ADL', '0.00', '13.31', '1.21', 2),
(1694, 'QC6', 'BRS', '0.00', '10.83', '0.73', 2),
(1695, 'QC6', 'MEL', '0.00', '13.31', '0.93', 2),
(1696, 'QC6', 'NC3', '0.00', '13.00', '1.19', 2),
(1697, 'QC6', 'QC6', '0.00', '13.31', '1.25', 2),
(1698, 'QC6', 'PER', '0.00', '13.31', '2.17', 2),
(1699, 'QC6', 'SYD', '0.00', '13.31', '0.83', 2),
(1700, 'QC6', 'WC1', '0.00', '13.31', '2.17', 2),
(1701, 'QC7', 'ADL', '0.00', '13.31', '1.22', 2),
(1702, 'QC7', 'BRS', '0.00', '13.31', '0.73', 2),
(1703, 'QC7', 'CBR', '0.00', '11.60', '1.03', 2),
(1704, 'QC7', 'MEL', '0.00', '13.95', '1.61', 2),
(1705, 'QC7', 'NC3', '0.00', '13.00', '1.20', 2),
(1706, 'QC7', 'PER', '0.00', '13.95', '2.45', 2),
(1707, 'QC7', 'SYD', '0.00', '13.31', '0.85', 2),
(1708, 'QC7', 'WC1', '0.00', '13.95', '2.45', 2),
(1709, 'QC8', 'ADL', '0.00', '13.61', '1.26', 2),
(1710, 'QC8', 'BRS', '0.00', '13.61', '0.78', 2),
(1711, 'QC8', 'MEL', '0.00', '13.61', '1.00', 2),
(1712, 'QC8', 'NC3', '0.00', '13.34', '1.24', 2),
(1713, 'QC8', 'PER', '0.00', '13.61', '2.24', 2),
(1714, 'QC8', 'SYD', '0.00', '13.61', '0.89', 2),
(1715, 'QC8', 'WC1', '0.00', '13.61', '2.24', 2),
(1716, 'QC9', 'ADL', '0.00', '13.61', '1.30', 2),
(1717, 'QC9', 'BRS', '0.00', '13.61', '0.82', 2),
(1718, 'QC9', 'MEL', '0.00', '13.61', '1.03', 2),
(1719, 'QC9', 'NC3', '0.00', '13.34', '1.29', 2),
(1720, 'QC9', 'PER', '0.00', '13.61', '2.28', 2),
(1721, 'QC9', 'SYD', '0.00', '13.61', '0.93', 2),
(1722, 'QC9', 'WC1', '0.00', '13.61', '2.28', 2),
(1723, 'ROC', 'BRS', '0.00', '10.80', '0.83', 2),
(1724, 'ROC', 'MEL', '0.00', '13.88', '1.43', 2),
(1725, 'ROC', 'SYD', '0.00', '13.28', '1.26', 2),
(1726, 'SSC', 'BRS', '0.00', '10.80', '0.40', 2),
(1727, 'SSC', 'NC3', '0.00', '11.12', '0.88', 2),
(1728, 'SSC', 'PER', '0.00', '13.95', '1.61', 2),
(1729, 'SSC', 'SYD', '0.00', '12.56', '0.82', 2),
(1730, 'SSC', 'WC1', '0.00', '13.95', '1.61', 2),
(1731, 'SYD', 'A10', '0.00', '58.53', '1.21', 2),
(1732, 'SYD', 'AC1', '0.00', '10.75', '0.78', 2),
(1733, 'SYD', 'AC2', '0.00', '10.75', '0.88', 2),
(1734, 'SYD', 'AC3', '0.00', '12.01', '0.91', 2),
(1735, 'SYD', 'AC4', '0.00', '12.01', '1.57', 2),
(1736, 'SYD', 'AC5', '0.00', '13.28', '1.67', 2),
(1737, 'SYD', 'AC6', '0.00', '15.82', '1.92', 2),
(1738, 'SYD', 'AC7', '0.00', '17.08', '1.97', 2),
(1739, 'SYD', 'AC8', '0.00', '17.08', '2.10', 2),
(1740, 'SYD', 'AC9', '0.00', '17.08', '2.10', 2),
(1741, 'SYD', 'ADL', '0.00', '12.01', '0.51', 2),
(1742, 'SYD', 'ALB', '0.00', '13.95', '0.77', 2),
(1743, 'SYD', 'BRS', '0.00', '10.80', '0.52', 2),
(1744, 'SYD', 'CBR', '0.00', '9.47', '0.30', 2),
(1745, 'SYD', 'CRN', '0.00', '12.56', '1.48', 2),
(1746, 'SYD', 'D10', '0.00', '58.53', '11.58', 2),
(1747, 'SYD', 'DAR', '0.00', '12.01', '1.48', 2),
(1748, 'SYD', 'DC4', '0.00', '49.45', '6.21', 2),
(1749, 'SYD', 'DC6', '0.00', '49.45', '6.21', 2),
(1750, 'SYD', 'DC7', '0.00', '49.45', '6.21', 2),
(1751, 'SYD', 'GLD', '0.00', '9.47', '0.52', 2),
(1752, 'SYD', 'GOS', '0.00', '9.47', '0.27', 2),
(1753, 'SYD', 'HC1', '0.00', '13.28', '1.69', 2),
(1754, 'SYD', 'HC2', '0.00', '13.28', '1.82', 2),
(1755, 'SYD', 'HOB', '0.00', '12.01', '1.28', 2),
(1756, 'SYD', 'ISA', '0.00', '12.01', '1.82', 2),
(1757, 'SYD', 'L10', '0.00', '90.02', '6.21', 2),
(1758, 'SYD', 'LC1', '0.00', '13.28', '1.63', 2),
(1759, 'SYD', 'LC2', '0.00', '13.28', '1.69', 2),
(1760, 'SYD', 'LC3', '0.00', '13.28', '1.82', 2),
(1761, 'SYD', 'LCN', '0.00', '12.01', '1.20', 2),
(1762, 'SYD', 'MAC', '0.00', '10.75', '1.12', 2),
(1763, 'SYD', 'MEL', '0.00', '12.56', '0.63', 2),
(1764, 'SYD', 'MOR', '0.00', '13.95', '0.77', 2),
(1765, 'SYD', 'N10', '0.00', '40.55', '3.64', 2),
(1766, 'SYD', 'NC1', '0.00', '9.47', '0.33', 2),
(1767, 'SYD', 'NC2', '0.00', '12.56', '0.82', 2),
(1768, 'SYD', 'NC3', '0.00', '9.80', '0.49', 2),
(1769, 'SYD', 'NC4', '0.00', '13.95', '0.77', 2),
(1770, 'SYD', 'NC5', '0.00', '10.75', '0.87', 2),
(1771, 'SYD', 'NC6', '0.00', '10.75', '1.26', 2),
(1772, 'SYD', 'NCL', '0.00', '9.47', '0.29', 2),
(1773, 'SYD', 'PER', '0.00', '12.56', '1.05', 2),
(1774, 'SYD', 'Q10', '0.00', '58.53', '5.63', 2),
(1775, 'SYD', 'QC1', '0.00', '10.75', '0.70', 2),
(1776, 'SYD', 'QC2', '0.00', '12.56', '0.82', 2),
(1777, 'SYD', 'QC3', '0.00', '10.75', '1.02', 2),
(1778, 'SYD', 'QC4', '0.00', '12.01', '1.18', 2),
(1779, 'SYD', 'QC5', '0.00', '12.01', '1.40', 2),
(1780, 'SYD', 'QC6', '0.00', '13.28', '1.54', 2),
(1781, 'SYD', 'QC7', '0.00', '12.56', '1.48', 2),
(1782, 'SYD', 'QC8', '0.00', '17.08', '1.97', 2),
(1783, 'SYD', 'QC9', '0.00', '17.08', '2.97', 2),
(1784, 'SYD', 'ROC', '0.00', '10.75', '1.06', 2),
(1785, 'SYD', 'SSC', '0.00', '12.56', '0.82', 2),
(1786, 'SYD', 'TVL', '0.00', '10.75', '1.18', 2),
(1787, 'SYD', 'TWB', '0.00', '10.75', '0.69', 2),
(1788, 'SYD', 'VC1', '0.00', '10.75', '0.59', 2),
(1789, 'SYD', 'VC2', '0.00', '10.75', '0.65', 2),
(1790, 'SYD', 'VC3', '0.00', '10.75', '0.88', 2),
(1791, 'SYD', 'WC1', '0.00', '12.01', '1.54', 2),
(1792, 'SYD', 'WC2', '0.00', '12.01', '1.64', 2),
(1793, 'SYD', 'WC3', '0.00', '12.01', '1.81', 2),
(1794, 'SYD', 'WC4', '0.00', '13.28', '2.00', 2),
(1795, 'SYD', 'WC5', '0.00', '17.08', '2.39', 2),
(1796, 'SYD', 'WC6', '0.00', '18.35', '2.67', 2),
(1797, 'SYD', 'WC7', '0.00', '18.35', '2.76', 2),
(1798, 'SYD', 'WC8', '0.00', '18.35', '2.79', 2),
(1799, 'SYD', 'WC9', '0.00', '18.35', '3.52', 2),
(1800, 'SYD', 'WOL', '0.00', '9.47', '0.29', 2),
(1801, 'TAM', 'BRS', '0.00', '10.80', '0.64', 2),
(1802, 'TVL', 'BRS', '0.00', '10.80', '1.09', 2),
(1803, 'TVL', 'MEL', '0.00', '13.88', '1.57', 2),
(1804, 'TVL', 'SYD', '0.00', '13.28', '1.41', 2),
(1805, 'TWB', 'BRS', '0.00', '10.80', '1.14', 2),
(1806, 'VC1', 'ADL', '0.00', '12.69', '0.61', 2),
(1807, 'VC1', 'BRS', '0.00', '12.69', '0.90', 2),
(1808, 'VC1', 'MEL', '0.00', '12.69', '0.46', 2),
(1809, 'VC1', 'NC3', '0.00', '12.39', '0.89', 2),
(1810, 'VC1', 'PER', '0.00', '12.56', '1.14', 2),
(1811, 'VC1', 'SYD', '0.00', '12.69', '0.57', 2),
(1812, 'VC1', 'WC1', '0.00', '12.56', '1.14', 2),
(1813, 'VC2', 'ADL', '0.00', '12.69', '0.67', 2),
(1814, 'VC2', 'BRS', '0.00', '12.69', '0.98', 2),
(1815, 'VC2', 'DAR', '0.00', '13.95', '2.16', 2),
(1816, 'VC2', 'MEL', '0.00', '12.69', '0.54', 2),
(1817, 'VC2', 'NC3', '0.00', '12.39', '0.98', 2),
(1818, 'VC2', 'PER', '0.00', '12.56', '1.28', 2),
(1819, 'VC2', 'SYD', '0.00', '12.56', '0.75', 2),
(1820, 'VC2', 'WC1', '0.00', '12.56', '1.28', 2),
(1821, 'VC3', 'ADL', '0.00', '12.99', '0.72', 2),
(1822, 'VC3', 'BRS', '0.00', '12.99', '1.02', 2),
(1823, 'VC3', 'MEL', '0.00', '12.99', '0.59', 2),
(1824, 'VC3', 'NC3', '0.00', '12.70', '1.02', 2),
(1825, 'VC3', 'PER', '0.00', '12.99', '1.65', 2),
(1826, 'VC3', 'SYD', '0.00', '12.99', '0.69', 2),
(1827, 'VC3', 'WC1', '0.00', '12.99', '1.65', 2),
(1828, 'WC1', 'A10', '0.00', '60.82', '2.27', 2),
(1829, 'WC1', 'AC1', '0.00', '12.56', '0.57', 2),
(1830, 'WC1', 'AC2', '0.00', '12.56', '0.67', 2),
(1831, 'WC1', 'AC3', '0.00', '12.56', '0.84', 2),
(1832, 'WC1', 'AC4', '0.00', '12.56', '1.05', 2),
(1833, 'WC1', 'AC5', '0.00', '12.56', '1.19', 2),
(1834, 'WC1', 'AC6', '0.00', '12.56', '1.36', 2),
(1835, 'WC1', 'AC7', '0.00', '12.56', '1.47', 2),
(1836, 'WC1', 'AC8', '0.00', '13.95', '1.53', 2),
(1837, 'WC1', 'AC9', '0.00', '13.95', '1.68', 2),
(1838, 'WC1', 'ADL', '0.00', '11.18', '0.34', 2),
(1839, 'WC1', 'BRS', '0.00', '11.18', '0.79', 2),
(1840, 'WC1', 'CBR', '0.00', '12.56', '1.26', 2),
(1841, 'WC1', 'D10', '0.00', '60.82', '15.73', 2),
(1842, 'WC1', 'DC4', '0.00', '51.68', '8.46', 2),
(1843, 'WC1', 'DC6', '0.00', '51.68', '8.46', 2),
(1844, 'WC1', 'DC7', '0.00', '51.68', '8.46', 2),
(1845, 'WC1', 'HC1', '0.00', '13.95', '1.53', 2),
(1846, 'WC1', 'HC2', '0.00', '13.95', '1.61', 2),
(1847, 'WC1', 'HOB', '0.00', '12.56', '1.26', 2),
(1848, 'WC1', 'LC1', '0.00', '13.95', '1.47', 2),
(1849, 'WC1', 'LC2', '0.00', '13.95', '1.53', 2),
(1850, 'WC1', 'LC3', '0.00', '13.95', '1.61', 2),
(1851, 'WC1', 'LCN', '0.00', '12.56', '1.26', 2),
(1852, 'WC1', 'MEL', '0.00', '9.80', '0.48', 2),
(1853, 'WC1', 'N10', '0.00', '42.70', '4.94', 2),
(1854, 'WC1', 'NC1', '0.00', '13.95', '0.70', 2),
(1855, 'WC1', 'NC2', '0.00', '13.95', '0.91', 2),
(1856, 'WC1', 'NC3', '0.00', '12.05', '1.24', 2),
(1857, 'WC1', 'NC4', '0.00', '13.95', '1.05', 2),
(1858, 'WC1', 'NC5', '0.00', '13.95', '1.12', 2),
(1859, 'WC1', 'NC6', '0.00', '13.95', '1.28', 2),
(1860, 'WC1', 'PER', '0.00', '11.18', '0.46', 2),
(1861, 'WC1', 'Q10', '0.00', '60.82', '9.36', 2),
(1862, 'WC1', 'QC1', '0.00', '13.95', '1.12', 2),
(1863, 'WC1', 'QC2', '0.00', '13.95', '1.19', 2),
(1864, 'WC1', 'QC3', '0.00', '13.95', '1.40', 2),
(1865, 'WC1', 'QC4', '0.00', '13.95', '1.53', 2),
(1866, 'WC1', 'QC5', '0.00', '13.95', '1.74', 2),
(1867, 'WC1', 'QC6', '0.00', '13.95', '1.89', 2),
(1868, 'WC1', 'QC7', '0.00', '13.95', '2.03', 2),
(1869, 'WC1', 'QC8', '0.00', '13.95', '2.16', 2),
(1870, 'WC1', 'QC9', '0.00', '13.95', '2.30', 2),
(1871, 'WC1', 'SYD', '0.00', '11.18', '0.59', 2),
(1872, 'WC1', 'VC1', '0.00', '12.56', '0.70', 2),
(1873, 'WC1', 'VC2', '0.00', '12.56', '0.76', 2),
(1874, 'WC1', 'VC3', '0.00', '12.56', '0.91', 2),
(1875, 'WC1', 'WC1', '0.00', '10.38', '0.38', 2),
(1876, 'WC1', 'WC2', '0.00', '10.38', '0.44', 2),
(1877, 'WC1', 'WC3', '0.00', '10.38', '0.47', 2),
(1878, 'WC1', 'WC4', '0.00', '10.38', '0.51', 2),
(1879, 'WC1', 'WC5', '0.00', '12.95', '0.93', 2),
(1880, 'WC1', 'WC6', '0.00', '12.95', '1.16', 2),
(1881, 'WC1', 'WC7', '0.00', '12.95', '1.25', 2),
(1882, 'WC1', 'WC8', '0.00', '12.95', '1.30', 2),
(1883, 'WC1', 'WC9', '0.00', '15.53', '1.43', 2),
(1884, 'WC2', 'ADL', '0.00', '11.93', '0.76', 2),
(1885, 'WC2', 'BRS', '0.00', '11.93', '1.18', 2),
(1886, 'WC2', 'MEL', '0.00', '11.93', '0.81', 2),
(1887, 'WC2', 'NC3', '0.00', '11.95', '1.34', 2),
(1888, 'WC2', 'PER', '0.00', '11.18', '0.46', 2),
(1889, 'WC2', 'SYD', '0.00', '11.93', '1.11', 2),
(1890, 'WC2', 'WC1', '0.00', '11.18', '0.46', 2),
(1891, 'WC3', 'ADL', '0.00', '12.24', '0.90', 2),
(1892, 'WC3', 'BRS', '0.00', '12.24', '1.32', 2),
(1893, 'WC3', 'MEL', '0.00', '12.24', '0.94', 2),
(1894, 'WC3', 'NC3', '0.00', '12.38', '1.50', 2),
(1895, 'WC3', 'PER', '0.00', '12.24', '0.66', 2),
(1896, 'WC3', 'SYD', '0.00', '12.24', '1.26', 2),
(1897, 'WC3', 'WC1', '0.00', '12.24', '0.66', 2),
(1898, 'WC4', 'ADL', '0.00', '12.24', '1.07', 2),
(1899, 'WC4', 'BRS', '0.00', '12.24', '1.49', 2),
(1900, 'WC4', 'MEL', '0.00', '12.24', '1.12', 2),
(1901, 'WC4', 'NC3', '0.00', '12.38', '1.68', 2),
(1902, 'WC4', 'PER', '0.00', '12.24', '0.83', 2),
(1903, 'WC4', 'SYD', '0.00', '12.24', '1.43', 2),
(1904, 'WC4', 'WC1', '0.00', '12.24', '0.83', 2),
(1905, 'WC5', 'ADL', '0.00', '12.54', '1.16', 2),
(1906, 'WC5', 'BRS', '0.00', '12.54', '1.58', 2),
(1907, 'WC5', 'MEL', '0.00', '12.54', '1.22', 2),
(1908, 'WC5', 'NC3', '0.00', '12.69', '1.77', 2),
(1909, 'WC5', 'PER', '0.00', '12.54', '0.92', 2),
(1910, 'WC5', 'SYD', '0.00', '12.54', '1.52', 2),
(1911, 'WC5', 'WC1', '0.00', '12.54', '0.92', 2),
(1912, 'WC6', 'ADL', '0.00', '9.57', '1.44', 2),
(1913, 'WC6', 'BRS', '0.00', '12.54', '1.65', 2),
(1914, 'WC6', 'MEL', '0.00', '12.54', '1.28', 2),
(1915, 'WC6', 'NC3', '0.00', '12.69', '1.84', 2),
(1916, 'WC6', 'PER', '0.00', '12.54', '0.99', 2),
(1917, 'WC6', 'SYD', '0.00', '12.54', '1.58', 2),
(1918, 'WC6', 'WC1', '0.00', '12.54', '0.99', 2),
(1919, 'WC7', 'ADL', '0.00', '12.54', '1.28', 2),
(1920, 'WC7', 'BRS', '0.00', '12.54', '1.70', 2),
(1921, 'WC7', 'MEL', '0.00', '12.54', '1.32', 2),
(1922, 'WC7', 'NC3', '0.00', '12.69', '1.89', 2),
(1923, 'WC7', 'PER', '0.00', '12.54', '1.03', 2),
(1924, 'WC7', 'SYD', '0.00', '12.54', '1.64', 2),
(1925, 'WC7', 'WC1', '0.00', '12.54', '1.03', 2),
(1926, 'WC8', 'ADL', '0.00', '12.86', '1.31', 2),
(1927, 'WC8', 'BRS', '0.00', '12.86', '1.73', 2),
(1928, 'WC8', 'MEL', '0.00', '12.86', '1.35', 2),
(1929, 'WC8', 'NC3', '0.00', '12.99', '1.92', 2),
(1930, 'WC8', 'PER', '0.00', '12.86', '1.06', 2),
(1931, 'WC8', 'SYD', '0.00', '12.86', '1.67', 2),
(1932, 'WC8', 'WC1', '0.00', '12.86', '1.06', 2),
(1933, 'WC9', 'ADL', '0.00', '12.86', '1.39', 2),
(1934, 'WC9', 'BRS', '0.00', '12.86', '1.81', 2),
(1935, 'WC9', 'MEL', '0.00', '12.86', '1.44', 2),
(1936, 'WC9', 'NC3', '0.00', '12.99', '2.00', 2),
(1937, 'WC9', 'PER', '0.00', '12.86', '1.14', 2),
(1938, 'WC9', 'SYD', '0.00', '12.86', '1.74', 2),
(1939, 'WC9', 'WC1', '0.00', '12.86', '1.14', 2),
(1940, 'WOL', 'ADL', '0.00', '12.01', '0.78', 2),
(1941, 'WOL', 'BRS', '0.00', '10.80', '0.82', 2),
(1942, 'WOL', 'MEL', '0.00', '12.01', '0.70', 2),
(1943, 'WOL', 'SYD', '0.00', '12.01', '0.33', 2);

-- --------------------------------------------------------

--
-- Table structure for table `star_services`
--

CREATE TABLE `star_services` (
  `id` int(50) NOT NULL,
  `service_name` varchar(250) NOT NULL
) ENGINE=InnoDB DEFAULT CHARSET=utf8mb4;

--
-- Dumping data for table `star_services`
--

INSERT INTO `star_services` (`id`, `service_name`) VALUES
(1, 'Overnight'),
(2, 'Road Express');

-- --------------------------------------------------------

--
-- Table structure for table `surcharges_list`
--

CREATE TABLE `surcharges_list` (
  `id` int(50) NOT NULL,
  `surcharge_name` varchar(50) NOT NULL,
  `surcharge_price` decimal(4,2) NOT NULL,
  `surcharge_type` varchar(250) NOT NULL,
  `carrier_id` int(50) NOT NULL,
  `last_modified` date NOT NULL
) ENGINE=InnoDB DEFAULT CHARSET=utf8mb4;

--
-- Dumping data for table `surcharges_list`
--

INSERT INTO `surcharges_list` (`id`, `surcharge_name`, `surcharge_price`, `surcharge_type`, `carrier_id`, `last_modified`) VALUES
(2, 'Account Administration Fee', '9.00', 'Account Administration Fee', 1, '2021-04-09'),
(4, 'Manual Consignment Notes', '11.86', 'Manual Consignment Notes', 1, '2021-04-09'),
(5, 'Manual Handling Surcharge', '9.00', 'Manual Handling Surcharge', 1, '2021-04-09'),
(6, 'Dangerous Goods', '50.00', 'Dangerous Goods', 1, '2021-04-09');

--
-- Indexes for dumped tables
--

--
-- Indexes for table `carriers`
--
ALTER TABLE `carriers`
  ADD PRIMARY KEY (`id`);

--
-- Indexes for table `ci_users`
--
ALTER TABLE `ci_users`
  ADD PRIMARY KEY (`id`);

--
-- Indexes for table `customer`
--
ALTER TABLE `customer`
  ADD PRIMARY KEY (`id`);

--
-- Indexes for table `rates`
--
ALTER TABLE `rates`
  ADD PRIMARY KEY (`id`),
  ADD KEY `fk_ServiceType` (`service_type`);

--
-- Indexes for table `star_services`
--
ALTER TABLE `star_services`
  ADD PRIMARY KEY (`id`);

--
-- Indexes for table `surcharges_list`
--
ALTER TABLE `surcharges_list`
  ADD PRIMARY KEY (`id`),
  ADD KEY `FK_carrier_id` (`carrier_id`);

--
-- AUTO_INCREMENT for dumped tables
--

--
-- AUTO_INCREMENT for table `carriers`
--
ALTER TABLE `carriers`
  MODIFY `id` int(50) NOT NULL AUTO_INCREMENT, AUTO_INCREMENT=18;

--
-- AUTO_INCREMENT for table `ci_users`
--
ALTER TABLE `ci_users`
  MODIFY `id` int(11) NOT NULL AUTO_INCREMENT, AUTO_INCREMENT=11;

--
-- AUTO_INCREMENT for table `customer`
--
ALTER TABLE `customer`
  MODIFY `id` int(200) NOT NULL AUTO_INCREMENT;

--
-- AUTO_INCREMENT for table `rates`
--
ALTER TABLE `rates`
  MODIFY `id` int(250) NOT NULL AUTO_INCREMENT, AUTO_INCREMENT=1944;

--
-- AUTO_INCREMENT for table `star_services`
--
ALTER TABLE `star_services`
  MODIFY `id` int(50) NOT NULL AUTO_INCREMENT, AUTO_INCREMENT=3;

--
-- AUTO_INCREMENT for table `surcharges_list`
--
ALTER TABLE `surcharges_list`
  MODIFY `id` int(50) NOT NULL AUTO_INCREMENT, AUTO_INCREMENT=15;

--
-- Constraints for dumped tables
--

--
-- Constraints for table `rates`
--	
ALTER TABLE `rates`
  ADD CONSTRAINT `fk_ServiceType` FOREIGN KEY (`service_type`) REFERENCES `star_services` (`id`);

--
-- Constraints for table `surcharges_list`
--
ALTER TABLE `surcharges_list`
  ADD CONSTRAINT `FK_carrier_id` FOREIGN KEY (`carrier_id`) REFERENCES `carriers` (`id`);
COMMIT;

/*!40101 SET CHARACTER_SET_CLIENT=@OLD_CHARACTER_SET_CLIENT */;
/*!40101 SET CHARACTER_SET_RESULTS=@OLD_CHARACTER_SET_RESULTS */;
/*!40101 SET COLLATION_CONNECTION=@OLD_COLLATION_CONNECTION */;
